iteration, loss
0,6.8348
1,7.04578
2,6.98984
3,7.09383
4,6.77533
5,6.66117
6,6.59911
7,6.66264
8,6.88265
9,6.69747
10,6.46065
11,6.56228
12,6.57561
13,6.60581
14,6.10573
15,6.66237
16,6.54208
17,6.27067
18,6.26277
19,6.30391
20,6.20958
21,6.16065
22,6.31416
23,5.84606
24,6.03091
25,6.2631
26,6.25923
27,6.16135
28,6.24837
29,6.33996
30,5.92365
31,6.35875
32,5.7673
33,6.18071
34,5.8829
35,6.05567
36,5.84746
37,6.10497
38,5.772
39,5.69726
40,7.62248
41,7.53747
42,7.63185
43,7.47028
44,7.67741
45,7.36498
46,6.91089
47,6.77522
48,6.63073
49,6.79919
50,6.81355
51,6.74892
52,6.55934
53,6.70375
54,6.76302
55,6.50011
56,6.49733
57,6.24097
58,6.52037
59,6.44603
60,7.20343
61,6.98486
62,7.09913
63,7.02935
64,6.78531
65,6.83244
66,7.12643
67,6.89945
68,6.79606
69,6.34445
70,6.94265
71,6.66514
72,6.84931
73,6.67451
74,6.80015
75,6.72601
76,6.26651
77,6.52332
78,6.60906
79,6.48243
80,7.15185
81,6.99165
82,6.76715
83,6.91651
84,6.87195
85,7.03549
86,6.62114
87,6.86747
88,6.92623
89,6.90285
90,6.64226
91,6.6114
92,6.73644
93,6.7495
94,6.7958
95,6.41537
96,6.75795
97,6.46702
98,6.4552
99,6.37003
100,6.80941
101,6.61318
102,6.6618
103,6.61558
104,6.4313
105,6.71827
106,6.69048
107,6.46479
108,6.51552
109,6.57831
110,6.62046
111,6.45125
112,6.64558
113,6.30228
114,6.27579
115,6.20808
116,6.09592
117,6.38409
118,6.30415
119,6.38194
120,7.14933
121,7.05448
122,7.11659
123,6.77112
124,7.24022
125,6.98024
126,7.26342
127,6.61859
128,6.87551
129,6.64061
130,6.80677
131,6.95883
132,6.91598
133,6.21805
134,6.85002
135,6.59766
136,6.81367
137,6.57885
138,6.21248
139,6.41554
140,6.884
141,6.7158
142,6.98601
143,7.04755
144,6.57685
145,6.83254
146,6.79406
147,6.73864
148,6.83525
149,6.6064
150,6.73568
151,6.88514
152,6.79598
153,6.7133
154,6.41651
155,6.65668
156,6.62499
157,6.4451
158,6.65174
159,6.52281
160,6.91846
161,6.85897
162,6.77207
163,7.04454
164,6.90722
165,7.00448
166,6.86292
167,6.93632
168,6.79488
169,6.86447
170,6.92277
171,6.63214
172,6.74703
173,6.82171
174,6.54749
175,6.76545
176,6.85615
177,6.67579
178,6.62776
179,6.36925
180,7.0175
181,6.93908
182,6.95503
183,6.86723
184,6.88005
185,6.87092
186,6.71075
187,6.73842
188,6.68474
189,6.66707
190,6.65473
191,6.64764
192,6.39763
193,6.59999
194,6.71983
195,6.51608
196,6.46728
197,6.55293
198,6.65152
199,6.58129
200,6.82299
201,6.76899
202,6.80808
203,6.83093
204,6.7987
205,6.8681
206,6.78944
207,6.53686
208,6.73678
209,6.65065
210,6.59323
211,6.65869
212,6.44927
213,6.43982
214,6.52101
215,6.39114
216,6.57275
217,6.31148
218,6.20842
219,6.22147
220,7.07894
221,6.59135
222,6.88728
223,6.94642
224,6.94547
225,6.88503
226,6.93798
227,7.08693
228,6.97474
229,6.76573
230,6.65298
231,6.68491
232,6.47378
233,6.2988
234,6.46472
235,6.45823
236,6.26465
237,6.52231
238,6.52564
239,6.63082
240,6.36051
241,6.71528
242,6.519
243,6.82273
244,6.40022
245,6.74628
246,6.66933
247,6.81841
248,6.74281
249,6.72695
250,6.28001
251,6.51985
252,6.4454
253,6.89768
254,6.4645
255,6.83593
256,6.51654
257,6.64161
258,6.4209
259,6.36503
260,6.71206
261,6.8372
262,6.76455
263,6.2498
264,6.37526
265,6.4837
266,6.75963
267,6.83999
268,6.52794
269,6.73296
270,6.72651
271,6.55712
272,6.59706
273,6.40612
274,6.54857
275,6.83492
276,6.42541
277,6.61401
278,6.59388
279,6.48757
280,6.90068
281,6.64071
282,6.80233
283,6.56837
284,6.74829
285,6.90837
286,6.82207
287,6.83762
288,6.7531
289,6.58834
290,6.87392
291,6.54765
292,6.73541
293,6.58271
294,6.77107
295,6.68752
296,6.68699
297,6.49368
298,6.76816
299,6.60244
300,6.99219
301,6.86337
302,6.75141
303,6.58809
304,6.7577
305,6.77772
306,6.50282
307,6.67944
308,6.67872
309,6.57977
310,6.58626
311,6.75773
312,6.5928
313,6.60773
314,6.67481
315,6.6528
316,6.63174
317,6.58329
318,6.46694
319,6.48718
320,6.81494
321,6.76893
322,7.01721
323,6.64591
324,6.80046
325,6.76889
326,6.58268
327,6.91311
328,6.78766
329,6.64445
330,6.73986
331,6.62831
332,6.50356
333,6.42918
334,6.75039
335,6.64399
336,6.53619
337,6.58433
338,6.10413
339,6.54729
340,6.42736
341,6.60375
342,6.25003
343,6.66322
344,6.49906
345,6.68953
346,6.60242
347,6.24467
348,6.5058
349,6.19286
350,6.48221
351,6.2561
352,6.46647
353,6.48622
354,6.16801
355,6.13885
356,6.10391
357,6.01483
358,6.01816
359,5.99612
360,7.02001
361,6.88169
362,6.82919
363,6.72233
364,7.13254
365,6.88051
366,6.79854
367,6.89442
368,6.57083
369,6.81559
370,6.95752
371,6.81801
372,6.32596
373,6.57837
374,6.61536
375,6.53681
376,6.61772
377,6.54951
378,6.55408
379,6.35124
380,7.01399
381,6.70001
382,6.99356
383,6.82958
384,6.95845
385,6.89394
386,6.9825
387,6.85783
388,6.82766
389,6.85061
390,6.72475
391,6.66018
392,6.6059
393,6.69067
394,6.55887
395,6.80445
396,6.80173
397,6.75351
398,6.59914
399,6.56118
400,6.6325
401,6.52473
402,6.46991
403,6.21362
404,6.30855
405,6.38513
406,6.06209
407,6.38525
408,6.14282
409,6.24502
410,6.17636
411,6.40481
412,6.13788
413,6.34401
414,6.24349
415,6.34866
416,6.19216
417,6.00427
418,6.03413
419,5.94606
420,6.77585
421,7.01973
422,7.09164
423,6.96175
424,7.08972
425,6.97528
426,6.89588
427,6.92446
428,6.98467
429,6.88398
430,6.7851
431,6.97686
432,6.88358
433,6.6485
434,6.37323
435,6.42392
436,6.56665
437,6.30476
438,6.53077
439,6.60256
440,7.01915
441,6.85973
442,6.76225
443,6.97845
444,6.87324
445,6.86181
446,6.69976
447,6.6186
448,6.80871
449,6.95756
450,6.83309
451,6.8876
452,6.53357
453,6.49452
454,6.74039
455,6.76911
456,6.55124
457,6.48728
458,6.60547
459,6.68623
460,6.86404
461,6.55324
462,6.96048
463,6.73559
464,6.54155
465,6.83612
466,6.73452
467,6.91267
468,6.71944
469,6.5753
470,6.87719
471,6.63755
472,6.62109
473,6.49207
474,6.6145
475,6.6767
476,6.60692
477,6.57212
478,6.50516
479,6.49939
480,6.88785
481,6.9358
482,6.88363
483,6.67499
484,6.87796
485,7.03903
486,6.64193
487,6.37497
488,6.8298
489,6.43383
490,6.5628
491,6.78151
492,6.77164
493,6.57365
494,6.65053
495,6.48743
496,6.60598
497,6.59204
498,6.60836
499,6.09577
500,6.61661
501,6.82785
502,6.87795
503,6.74929
504,6.80146
505,6.78867
506,6.88648
507,6.84566
508,6.68128
509,6.60228
510,6.54305
511,6.63864
512,6.7528
513,6.58025
514,6.79757
515,6.70809
516,6.58535
517,6.61474
518,6.56567
519,6.39604
520,6.97319
521,6.92488
522,6.78349
523,6.67386
524,6.7073
525,6.7723
526,6.86231
527,6.68168
528,6.85953
529,6.61985
530,6.78989
531,6.47733
532,6.72949
533,6.94737
534,6.66724
535,6.84968
536,6.54072
537,6.65759
538,6.28124
539,6.38761
540,6.64777
541,6.78218
542,6.76819
543,6.77475
544,6.75355
545,6.71274
546,6.78784
547,6.86764
548,6.47338
549,6.78719
550,6.51807
551,6.38726
552,6.77443
553,6.60298
554,6.78777
555,6.55401
556,6.61453
557,6.5817
558,6.59148
559,6.62045
560,7.0452
561,6.37006
562,6.47333
563,7.01558
564,6.74842
565,6.5158
566,6.33625
567,6.66167
568,6.65602
569,6.65421
570,6.58358
571,6.64309
572,6.5817
573,6.57699
574,6.32796
575,6.79599
576,6.7748
577,6.41688
578,6.35989
579,6.52563
580,6.77234
581,6.70867
582,6.75564
583,6.64883
584,6.88001
585,6.93467
586,6.82982
587,6.88257
588,6.69172
589,6.97987
590,6.62572
591,6.58764
592,6.68141
593,6.5688
594,6.69507
595,6.75588
596,6.67312
597,6.4528
598,6.36023
599,6.49529
600,6.9212
601,6.82918
602,6.83786
603,6.88141
604,6.83197
605,6.57814
606,6.69652
607,6.65144
608,6.71532
609,6.94228
610,6.62019
611,6.58465
612,6.46072
613,6.63476
614,6.50454
615,6.43371
616,6.53476
617,6.53722
618,6.49644
619,6.59925
620,6.65102
621,6.60655
622,6.57125
623,6.79788
624,6.72146
625,6.84279
626,6.74535
627,6.81609
628,6.71883
629,6.76648
630,6.53888
631,6.82193
632,6.48015
633,6.75505
634,6.82421
635,6.79861
636,6.45494
637,6.63275
638,6.48497
639,6.55447
640,6.9225
641,6.62166
642,6.82072
643,6.77038
644,6.77519
645,6.64038
646,6.57506
647,6.49132
648,6.48284
649,6.74235
650,6.69296
651,6.67254
652,6.87296
653,6.63484
654,6.59383
655,6.49217
656,6.64865
657,6.58776
658,6.38725
659,6.57825
660,6.88714
661,6.88382
662,6.70175
663,6.91462
664,6.80722
665,6.72363
666,6.97992
667,6.75391
668,6.77633
669,6.71644
670,6.83544
671,6.62203
672,6.61357
673,6.61461
674,6.46706
675,6.63436
676,6.41053
677,6.64287
678,6.44465
679,6.71384
680,6.57094
681,6.69056
682,6.82997
683,6.78111
684,6.35547
685,6.46395
686,6.69954
687,6.67818
688,6.67395
689,6.68812
690,6.60209
691,6.34676
692,6.63694
693,6.53938
694,6.83249
695,6.50505
696,6.47503
697,6.51191
698,6.71843
699,6.64185
700,6.51706
701,6.36641
702,6.56647
703,6.24856
704,6.28426
705,6.67279
706,6.40833
707,6.57376
708,6.72622
709,6.47542
710,6.61147
711,6.28457
712,6.20113
713,6.38579
714,6.30194
715,6.21163
716,6.45662
717,6.23856
718,6.3031
719,5.9938
720,6.83561
721,6.98952
722,6.96666
723,6.97938
724,6.93437
725,6.71045
726,6.8948
727,6.79233
728,6.5924
729,6.58121
730,6.72939
731,6.68326
732,6.80478
733,6.07802
734,6.6208
735,6.52786
736,6.42217
737,6.58676
738,6.63028
739,6.36064
740,6.12084
741,6.28376
742,6.45188
743,6.33894
744,5.84457
745,6.21971
746,5.79446
747,6.1959
748,5.86223
749,5.9659
750,6.15605
751,5.88018
752,5.86645
753,5.90713
754,5.97892
755,5.98271
756,6.03095
757,6.02946
758,5.64805
759,5.94827
760,6.72723
761,6.51607
762,6.76603
763,6.61521
764,6.85949
765,6.57713
766,6.44297
767,6.31334
768,6.62842
769,6.71656
770,6.41442
771,6.29535
772,6.27542
773,6.25315
774,6.27874
775,6.36998
776,6.34375
777,6.0191
778,6.28591
779,6.05742
780,6.61352
781,6.92416
782,6.58383
783,6.8395
784,6.64417
785,6.76327
786,6.25451
787,6.72693
788,6.51862
789,6.54499
790,6.6484
791,6.63707
792,6.48322
793,6.58556
794,6.36371
795,6.18626
796,6.26689
797,6.09854
798,6.04921
799,6.13396
800,6.68039
801,6.70253
802,6.56006
803,6.8377
804,6.8365
805,6.9082
806,6.7975
807,6.88971
808,6.57185
809,6.62325
810,6.62395
811,6.64537
812,6.58372
813,6.44585
814,6.63678
815,6.56603
816,6.60539
817,6.53489
818,6.44566
819,6.28666
820,7.01004
821,6.84101
822,7.09813
823,6.69354
824,6.74304
825,6.88355
826,6.48385
827,6.72116
828,6.71801
829,6.71227
830,6.91338
831,6.42366
832,6.63016
833,6.7944
834,6.49097
835,6.56268
836,5.98517
837,6.46451
838,6.5415
839,6.43982
840,6.91538
841,6.78833
842,6.85057
843,6.31427
844,6.58837
845,6.59544
846,6.66848
847,6.68071
848,6.65245
849,6.75764
850,6.50782
851,6.74204
852,6.26261
853,6.83149
854,6.53696
855,6.47658
856,6.14742
857,6.59038
858,6.4536
859,6.54869
860,6.7148
861,6.798
862,6.72323
863,6.65697
864,6.63036
865,6.53306
866,6.6073
867,6.76146
868,6.62949
869,6.47532
870,6.46591
871,6.44773
872,6.39828
873,6.59443
874,6.45641
875,6.30756
876,6.22137
877,6.66333
878,6.39007
879,6.38666
880,6.22771
881,6.92809
882,7.01665
883,6.53415
884,6.52653
885,6.79062
886,6.66856
887,6.73228
888,6.47929
889,6.86352
890,6.4789
891,6.6478
892,6.7825
893,6.49848
894,6.63896
895,6.42815
896,6.14556
897,6.44907
898,5.87755
899,6.36846
900,6.88585
901,6.76054
902,6.83299
903,6.87506
904,6.90817
905,6.71801
906,6.58109
907,6.85673
908,6.8295
909,6.78834
910,6.48435
911,6.59925
912,6.39032
913,6.47913
914,6.29534
915,6.20659
916,6.28675
917,6.72174
918,6.60928
919,6.44591
920,6.23543
921,6.43159
922,6.50785
923,6.46543
924,6.37582
925,6.27357
926,6.34757
927,6.3142
928,6.05172
929,6.59005
930,6.4109
931,6.05713
932,6.32621
933,6.13632
934,6.23773
935,5.96455
936,6.02962
937,6.03115
938,6.01604
939,5.98637
940,6.72053
941,6.88397
942,6.82272
943,6.73024
944,6.91142
945,6.84986
946,6.79804
947,6.85353
948,6.67618
949,6.72553
950,6.61873
951,6.58642
952,6.52644
953,6.47697
954,6.51803
955,6.79119
956,6.31517
957,6.60678
958,6.52251
959,6.3226
960,5.85791
961,6.06977
962,5.99617
963,5.94047
964,5.92899
965,5.9287
966,5.70255
967,6.01115
968,6.12747
969,5.82846
970,6.01707
971,6.00507
972,6.00344
973,5.90671
974,5.75379
975,5.80764
976,5.77638
977,5.86844
978,5.5439
979,5.22507
980,7.10548
981,7.1122
982,6.8081
983,7.22443
984,7.12597
985,6.92277
986,6.87354
987,6.80345
988,6.86976
989,6.80305
990,6.92118
991,6.84311
992,6.84001
993,6.69053
994,6.75715
995,6.07716
996,6.3942
997,6.41195
998,5.97405
999,6.09845
1000,6.65801
1001,6.68246
1002,6.78487
1003,6.77955
1004,6.31963
1005,6.39536
1006,6.89258
1007,6.43445
1008,6.42505
1009,6.41464
1010,6.64461
1011,6.71423
1012,6.44791
1013,6.29003
1014,6.57168
1015,6.26832
1016,6.32553
1017,6.49465
1018,6.20269
1019,6.04792
1020,6.02861
1021,5.99607
1022,6.00608
1023,6.22057
1024,6.0435
1025,6.05871
1026,6.02073
1027,5.94563
1028,5.77965
1029,5.69791
1030,5.63833
1031,5.78574
1032,5.90842
1033,5.36289
1034,5.47445
1035,5.86929
1036,5.72307
1037,5.55703
1038,5.50505
1039,5.46433
1040,6.7799
1041,6.41505
1042,7.27197
1043,7.25184
1044,6.95999
1045,6.82961
1046,7.1618
1047,6.8292
1048,7.01118
1049,6.53656
1050,6.86787
1051,6.73738
1052,6.46659
1053,6.55727
1054,6.51288
1055,6.59591
1056,6.49333
1057,6.47313
1058,6.46557
1059,6.19705
1060,6.94863
1061,6.52374
1062,6.70755
1063,6.73177
1064,6.47558
1065,6.67049
1066,6.67479
1067,6.56865
1068,6.57361
1069,6.69349
1070,6.4652
1071,6.3061
1072,6.41973
1073,6.61206
1074,6.20825
1075,6.19666
1076,6.48276
1077,6.34932
1078,6.24695
1079,6.3441
1080,6.95165
1081,6.83657
1082,6.95169
1083,6.51399
1084,6.81456
1085,6.92285
1086,6.84223
1087,6.73064
1088,6.59839
1089,6.77819
1090,6.62036
1091,6.55345
1092,6.38628
1093,6.58585
1094,6.56387
1095,6.65599
1096,6.71163
1097,6.60273
1098,6.56411
1099,6.26208
1100,6.4256
1101,6.54891
1102,6.852
1103,6.65018
1104,6.64399
1105,6.66866
1106,6.68719
1107,6.84214
1108,6.82254
1109,6.96047
1110,6.86253
1111,6.53621
1112,6.24615
1113,6.49531
1114,6.71111
1115,6.31808
1116,6.58696
1117,6.74818
1118,6.5164
1119,6.72305
1120,6.88144
1121,6.53686
1122,6.43201
1123,6.46606
1124,6.72558
1125,6.76832
1126,6.79091
1127,6.49489
1128,6.8298
1129,6.85722
1130,6.70334
1131,6.82577
1132,6.12463
1133,6.67673
1134,6.43131
1135,6.47303
1136,6.1727
1137,6.34688
1138,6.42369
1139,6.46152
1140,6.74399
1141,6.41968
1142,6.86331
1143,6.59877
1144,6.27876
1145,6.67563
1146,6.45492
1147,6.83138
1148,6.89845
1149,6.42143
1150,6.49913
1151,6.42447
1152,6.52902
1153,6.47769
1154,6.59399
1155,6.38919
1156,6.46196
1157,6.38655
1158,6.48107
1159,6.53036
1160,6.58337
1161,6.36841
1162,6.68785
1163,6.75425
1164,6.65565
1165,6.66524
1166,6.74355
1167,5.69508
1168,6.63251
1169,6.47405
1170,6.41301
1171,6.35485
1172,6.23187
1173,6.41023
1174,6.77978
1175,6.27865
1176,6.49427
1177,6.52395
1178,6.62729
1179,6.32075
1180,6.8624
1181,6.95245
1182,6.12191
1183,6.73366
1184,6.85595
1185,6.80444
1186,6.35775
1187,6.37512
1188,6.49638
1189,6.50712
1190,6.54258
1191,6.45023
1192,6.54715
1193,6.44004
1194,6.59631
1195,6.61308
1196,6.83879
1197,6.69601
1198,6.35695
1199,6.3219
1200,6.88319
1201,6.57975
1202,6.68404
1203,6.80684
1204,6.52264
1205,6.42363
1206,6.60024
1207,6.76321
1208,6.70403
1209,6.62761
1210,6.68006
1211,6.80225
1212,6.73125
1213,6.60132
1214,6.57115
1215,6.55923
1216,6.58681
1217,6.54835
1218,6.57482
1219,6.44788
1220,6.6739
1221,6.73639
1222,6.34331
1223,6.63798
1224,6.60797
1225,6.53734
1226,6.44385
1227,6.49292
1228,6.61083
1229,6.61836
1230,6.54203
1231,6.32663
1232,6.49284
1233,6.41754
1234,6.45826
1235,6.47314
1236,6.25315
1237,6.35607
1238,6.05142
1239,6.4744
1240,6.55678
1241,6.47498
1242,6.33586
1243,6.51188
1244,6.53772
1245,6.30856
1246,6.25066
1247,6.46967
1248,6.11931
1249,6.63469
1250,6.21561
1251,6.08134
1252,6.14194
1253,6.16049
1254,6.22604
1255,5.98916
1256,6.25089
1257,6.36654
1258,5.60892
1259,5.93535
1260,6.2708
1261,6.42153
1262,6.43121
1263,6.31733
1264,6.2203
1265,6.21672
1266,6.29704
1267,6.24594
1268,6.25673
1269,6.2545
1270,5.98018
1271,6.61847
1272,6.0641
1273,6.46252
1274,6.22288
1275,6.39261
1276,6.33934
1277,5.68071
1278,5.90558
1279,6.04498
1280,6.76434
1281,6.92606
1282,6.90312
1283,6.79117
1284,6.58364
1285,6.84956
1286,6.85487
1287,6.63245
1288,6.69761
1289,6.89303
1290,6.31832
1291,6.48199
1292,6.52005
1293,6.69077
1294,6.35689
1295,6.20972
1296,6.32549
1297,6.15047
1298,6.31641
1299,6.26511
1300,6.75618
1301,6.90628
1302,6.66276
1303,6.67896
1304,6.81356
1305,6.76122
1306,6.87158
1307,6.71976
1308,6.47409
1309,6.66609
1310,6.77455
1311,6.53723
1312,6.55163
1313,6.59493
1314,6.60433
1315,6.41052
1316,6.57483
1317,6.3931
1318,6.27998
1319,6.47513
1320,6.55424
1321,6.78048
1322,6.42867
1323,6.95113
1324,6.71887
1325,6.54885
1326,6.44901
1327,6.47704
1328,6.52487
1329,6.41584
1330,6.46517
1331,6.62496
1332,6.32011
1333,6.57377
1334,6.09436
1335,6.68805
1336,6.33735
1337,6.62616
1338,6.44058
1339,6.26685
1340,6.57967
1341,6.91509
1342,6.38318
1343,6.58799
1344,6.66662
1345,6.57403
1346,6.79789
1347,6.21399
1348,6.41184
1349,6.4646
1350,6.68842
1351,6.51631
1352,6.28499
1353,6.42032
1354,6.36136
1355,6.47192
1356,6.34494
1357,6.33235
1358,6.3469
1359,6.50623
1360,6.09089
1361,6.44825
1362,6.28842
1363,6.26218
1364,6.13012
1365,6.09385
1366,6.23165
1367,6.11021
1368,6.01287
1369,6.13678
1370,6.16026
1371,5.99135
1372,6.18073
1373,5.93452
1374,5.9547
1375,5.95103
1376,6.27535
1377,5.94256
1378,6.04556
1379,6.10245
1380,6.38844
1381,6.48132
1382,6.72859
1383,7.02958
1384,6.90173
1385,6.26735
1386,6.63779
1387,6.9203
1388,6.78482
1389,6.35083
1390,6.5019
1391,6.54249
1392,6.53395
1393,6.06104
1394,6.43169
1395,6.56073
1396,6.18561
1397,6.3069
1398,6.04524
1399,6.1349
1400,6.09636
1401,6.6899
1402,6.41411
1403,6.49196
1404,6.00462
1405,6.20783
1406,6.30965
1407,6.20682
1408,6.22576
1409,6.01653
1410,5.98249
1411,6.19482
1412,5.96791
1413,6.04991
1414,6.24826
1415,5.83503
1416,5.87275
1417,6.02435
1418,6.0141
1419,6.10412
1420,6.91513
1421,6.72572
1422,6.71622
1423,6.51953
1424,6.65095
1425,6.34156
1426,6.72566
1427,6.8618
1428,7.02689
1429,6.65469
1430,6.76615
1431,6.47754
1432,6.21631
1433,6.69761
1434,6.26904
1435,6.33245
1436,5.95076
1437,6.36057
1438,6.60467
1439,6.14071
1440,6.46675
1441,6.62188
1442,6.92999
1443,6.62562
1444,6.83622
1445,6.66268
1446,6.58637
1447,6.67243
1448,6.71963
1449,6.62996
1450,6.42006
1451,6.8008
1452,6.76944
1453,6.63708
1454,6.36793
1455,6.39068
1456,6.46548
1457,6.33076
1458,6.51405
1459,6.08243
1460,6.52295
1461,6.56929
1462,6.51119
1463,6.77018
1464,6.66865
1465,6.80338
1466,6.54899
1467,6.6177
1468,6.64
1469,6.62148
1470,6.53277
1471,6.65943
1472,6.5091
1473,6.54877
1474,6.72912
1475,6.47857
1476,6.21986
1477,6.34635
1478,6.42501
1479,6.40554
1480,6.47373
1481,6.27428
1482,6.3445
1483,6.17778
1484,6.0582
1485,6.3934
1486,6.19062
1487,5.94993
1488,6.28832
1489,6.33729
1490,6.0415
1491,6.1611
1492,6.00162
1493,6.09344
1494,5.96562
1495,6.01505
1496,5.93893
1497,5.65185
1498,5.93399
1499,5.60678
1500,6.95061
1501,6.79989
1502,6.69152
1503,6.94205
1504,6.69842
1505,6.77552
1506,6.69815
1507,6.73793
1508,6.84839
1509,6.33435
1510,6.52056
1511,6.75104
1512,6.39926
1513,6.63889
1514,6.23249
1515,6.41445
1516,6.44349
1517,6.28048
1518,6.3252
1519,6.37683
1520,6.85344
1521,6.64061
1522,6.38407
1523,6.45491
1524,6.83856
1525,6.64427
1526,6.51574
1527,6.67334
1528,6.60737
1529,6.506
1530,6.45807
1531,6.48996
1532,6.41735
1533,6.38234
1534,6.27787
1535,6.3121
1536,6.16513
1537,5.895
1538,6.15121
1539,6.25976
1540,6.16316
1541,6.27471
1542,6.34085
1543,5.75388
1544,6.14225
1545,6.00712
1546,5.91299
1547,5.90324
1548,6.10629
1549,5.95741
1550,5.63286
1551,5.95669
1552,6.00025
1553,5.7022
1554,5.74029
1555,5.54063
1556,6.03289
1557,5.58612
1558,5.62449
1559,5.6921
1560,6.79681
1561,6.55335
1562,6.64671
1563,6.78059
1564,6.75583
1565,6.80669
1566,6.95514
1567,6.65044
1568,6.7771
1569,6.20686
1570,6.50812
1571,6.67053
1572,6.70714
1573,6.52761
1574,6.41527
1575,6.31793
1576,6.073
1577,6.64881
1578,6.60377
1579,6.4376
1580,6.75073
1581,6.79922
1582,6.45726
1583,6.61842
1584,6.56774
1585,6.56282
1586,6.32119
1587,6.60336
1588,6.8022
1589,6.51225
1590,6.22399
1591,6.49622
1592,6.36645
1593,6.29858
1594,6.21844
1595,6.2588
1596,6.50064
1597,6.16282
1598,6.19941
1599,5.944
1600,6.70344
1601,6.56487
1602,6.6516
1603,6.72987
1604,6.36511
1605,6.57086
1606,6.5908
1607,6.44046
1608,6.52471
1609,6.59032
1610,6.38229
1611,6.69921
1612,6.59069
1613,6.58276
1614,6.46817
1615,6.46405
1616,6.15994
1617,6.49715
1618,6.37577
1619,6.0977
1620,6.78759
1621,6.53291
1622,6.66945
1623,6.50839
1624,6.8229
1625,6.41011
1626,6.73995
1627,6.71301
1628,6.40902
1629,6.47839
1630,6.24618
1631,6.40955
1632,6.54038
1633,6.00156
1634,6.59467
1635,6.13194
1636,6.36914
1637,6.41293
1638,6.03258
1639,6.53925
1640,6.6048
1641,6.75167
1642,6.35364
1643,6.45638
1644,6.45408
1645,6.6648
1646,6.67576
1647,6.31614
1648,6.43407
1649,6.38308
1650,6.64423
1651,6.21435
1652,6.23013
1653,6.26277
1654,6.50954
1655,6.20299
1656,6.24534
1657,6.32533
1658,6.29921
1659,5.95503
1660,6.69661
1661,6.77523
1662,6.85697
1663,6.86455
1664,6.56709
1665,6.43292
1666,6.71288
1667,6.40977
1668,6.53263
1669,6.53082
1670,6.57786
1671,6.70022
1672,6.5583
1673,6.50736
1674,6.61267
1675,6.48655
1676,6.34066
1677,6.23231
1678,6.36984
1679,6.3299
1680,6.73502
1681,6.85953
1682,6.597
1683,6.67938
1684,6.68614
1685,6.84594
1686,6.52579
1687,6.67094
1688,6.6811
1689,6.63995
1690,6.44255
1691,6.44567
1692,6.29485
1693,6.66072
1694,6.61086
1695,6.48788
1696,6.37402
1697,6.38318
1698,6.50693
1699,6.10225
1700,6.59065
1701,6.72107
1702,6.51823
1703,6.47633
1704,6.41804
1705,6.63282
1706,6.47557
1707,6.29438
1708,6.67045
1709,6.5456
1710,6.37717
1711,6.48556
1712,6.4593
1713,6.42773
1714,6.17142
1715,6.3633
1716,6.55319
1717,6.39626
1718,6.21008
1719,6.24482
1720,6.50915
1721,6.27812
1722,6.80266
1723,6.6907
1724,6.56932
1725,6.16791
1726,6.55748
1727,6.33546
1728,6.55326
1729,6.52861
1730,6.39158
1731,6.24036
1732,6.41137
1733,6.63532
1734,6.28266
1735,6.35706
1736,5.72428
1737,6.34846
1738,6.39186
1739,6.04495
1740,6.29724
1741,6.42533
1742,6.44932
1743,6.18725
1744,6.33059
1745,6.11551
1746,6.27971
1747,6.20534
1748,6.01718
1749,6.13722
1750,6.19123
1751,5.91392
1752,5.7221
1753,5.82297
1754,6.0581
1755,5.78843
1756,5.90737
1757,5.74538
1758,5.91315
1759,5.5405
1760,6.8131
1761,6.71306
1762,6.72861
1763,6.9568
1764,6.80751
1765,6.70114
1766,6.58861
1767,6.71946
1768,6.8786
1769,6.51902
1770,6.65702
1771,6.63651
1772,6.56288
1773,6.46503
1774,6.63978
1775,6.48136
1776,6.29846
1777,6.52921
1778,6.54087
1779,6.34743
1780,6.62825
1781,6.60113
1782,6.29469
1783,6.50666
1784,6.73985
1785,6.3767
1786,6.71023
1787,6.76918
1788,6.43127
1789,6.56886
1790,6.61726
1791,5.75839
1792,6.4974
1793,6.39107
1794,6.09654
1795,5.8864
1796,6.34094
1797,6.26107
1798,6.50616
1799,6.07658
1800,6.67349
1801,6.69262
1802,6.85444
1803,6.82339
1804,6.82223
1805,6.92868
1806,6.88008
1807,6.56
1808,6.69369
1809,6.47042
1810,6.82347
1811,6.49362
1812,6.68015
1813,6.74146
1814,6.33245
1815,6.4128
1816,6.54171
1817,6.64125
1818,6.55562
1819,6.5392
1820,6.45122
1821,6.40818
1822,6.7022
1823,6.4373
1824,6.1626
1825,6.53559
1826,6.63445
1827,6.57262
1828,6.38081
1829,6.36207
1830,6.56735
1831,6.32672
1832,6.42247
1833,6.40123
1834,6.24859
1835,6.05886
1836,6.23222
1837,6.39397
1838,6.04385
1839,6.10079
1840,6.59396
1841,6.67048
1842,6.84379
1843,6.75015
1844,6.56943
1845,6.74709
1846,6.48285
1847,6.51328
1848,6.60703
1849,6.5389
1850,6.60866
1851,6.52332
1852,6.41678
1853,6.69408
1854,6.4666
1855,6.49895
1856,6.47969
1857,6.45568
1858,6.31666
1859,5.95884
1860,6.61697
1861,6.40447
1862,6.97702
1863,6.88213
1864,6.62617
1865,6.77037
1866,6.64304
1867,6.68727
1868,6.64034
1869,6.72078
1870,6.48935
1871,6.58075
1872,6.32813
1873,6.59327
1874,6.66669
1875,6.50816
1876,6.70853
1877,6.48516
1878,6.15095
1879,6.41998
1880,6.05106
1881,6.02393
1882,6.27318
1883,6.20434
1884,6.64063
1885,6.58242
1886,6.21893
1887,5.9897
1888,6.06194
1889,6.08348
1890,6.06338
1891,6.17465
1892,6.18882
1893,6.34014
1894,6.18281
1895,6.08629
1896,6.14599
1897,5.35022
1898,5.86984
1899,5.77757
1900,6.12612
1901,6.50939
1902,6.25181
1903,6.39994
1904,6.25961
1905,6.10444
1906,6.38766
1907,6.12238
1908,6.24518
1909,6.41733
1910,6.23753
1911,6.17958
1912,6.24626
1913,6.35977
1914,5.92218
1915,6.27175
1916,6.26101
1917,5.99634
1918,6.03422
1919,6.11852
1920,6.90174
1921,6.82987
1922,7.00504
1923,6.84967
1924,6.98291
1925,6.7706
1926,6.70167
1927,6.55724
1928,6.48577
1929,6.77931
1930,6.55372
1931,6.38457
1932,6.43646
1933,6.02008
1934,6.30748
1935,6.28789
1936,6.31165
1937,6.09852
1938,6.26918
1939,6.11426
1940,6.74363
1941,6.85493
1942,6.2811
1943,6.42671
1944,6.5763
1945,6.77912
1946,6.42872
1947,6.53049
1948,6.40231
1949,6.41516
1950,6.42212
1951,6.38697
1952,6.50111
1953,6.43871
1954,6.41243
1955,6.33884
1956,6.14927
1957,6.16699
1958,6.17758
1959,6.14775
1960,6.47784
1961,6.53861
1962,6.41979
1963,6.37505
1964,6.72018
1965,6.44204
1966,6.63307
1967,6.58437
1968,6.52648
1969,6.62406
1970,5.95265
1971,6.56338
1972,6.4609
1973,6.63072
1974,6.39377
1975,6.54671
1976,6.45956
1977,6.12606
1978,5.73651
1979,6.03341
1980,6.46335
1981,6.39509
1982,6.8128
1983,6.57197
1984,6.74931
1985,6.70482
1986,6.53151
1987,6.6737
1988,6.37007
1989,6.40125
1990,6.67689
1991,6.53393
1992,6.62412
1993,6.25429
1994,6.40758
1995,6.45123
1996,6.57909
1997,6.39038
1998,6.15387
1999,6.18801
2000,6.44007
2001,6.7793
2002,6.06969
2003,6.51938
2004,6.24539
2005,6.43641
2006,6.78515
2007,6.66474
2008,6.10458
2009,6.37908
2010,6.87319
2011,6.79348
2012,6.46477
2013,6.1248
2014,6.19595
2015,6.45305
2016,5.97963
2017,6.1177
2018,6.00488
2019,6.45227
2020,6.61606
2021,6.60348
2022,6.64918
2023,6.3938
2024,6.35836
2025,6.31092
2026,6.48213
2027,6.00732
2028,6.3767
2029,6.08144
2030,6.27512
2031,6.07115
2032,6.21621
2033,6.25725
2034,5.73115
2035,6.22966
2036,5.64702
2037,5.99812
2038,5.8924
2039,6.15597
2040,6.41523
2041,6.91905
2042,7.003
2043,6.55846
2044,6.72926
2045,6.52597
2046,6.58
2047,6.71356
2048,6.76515
2049,6.42135
2050,6.27586
2051,6.16523
2052,6.41635
2053,6.46382
2054,6.2721
2055,6.48475
2056,6.68202
2057,6.15395
2058,6.36155
2059,6.25055
2060,6.51968
2061,6.52407
2062,6.69618
2063,6.47635
2064,6.51744
2065,6.52048
2066,6.7805
2067,6.64848
2068,6.50714
2069,6.65184
2070,6.2374
2071,6.33222
2072,6.57048
2073,6.4836
2074,6.56432
2075,6.20029
2076,6.31438
2077,6.54376
2078,6.20519
2079,6.36541
2080,6.33827
2081,6.1508
2082,6.33747
2083,6.52509
2084,6.40504
2085,6.20252
2086,6.28422
2087,6.07245
2088,6.37642
2089,6.00914
2090,6.00243
2091,5.91075
2092,6.25597
2093,5.91328
2094,6.02112
2095,5.68787
2096,5.87847
2097,6.04521
2098,6.00753
2099,6.00155
2100,6.29439
2101,6.39692
2102,6.50167
2103,6.36966
2104,6.63947
2105,6.84755
2106,6.33244
2107,6.25131
2108,6.4452
2109,6.71931
2110,6.58534
2111,6.47347
2112,6.4223
2113,6.13197
2114,6.29343
2115,6.37519
2116,6.27299
2117,6.29557
2118,6.42026
2119,6.13118
2120,6.79145
2121,6.51965
2122,6.47026
2123,6.57727
2124,6.72661
2125,6.56286
2126,6.66065
2127,6.41946
2128,6.39377
2129,6.40704
2130,6.37795
2131,6.50361
2132,6.50513
2133,6.3225
2134,6.0638
2135,6.42668
2136,6.44798
2137,6.20788
2138,6.18548
2139,6.47977
2140,6.48461
2141,6.16135
2142,6.14797
2143,6.1597
2144,6.14607
2145,6.26693
2146,6.1177
2147,5.86387
2148,6.18607
2149,5.7069
2150,5.84664
2151,6.00929
2152,6.04464
2153,5.82844
2154,5.59474
2155,5.94257
2156,5.49348
2157,5.84244
2158,5.85466
2159,5.64418
2160,6.75877
2161,6.69792
2162,6.84253
2163,7.1449
2164,6.79801
2165,6.70869
2166,6.86278
2167,6.63315
2168,6.60586
2169,6.89632
2170,6.44919
2171,6.40785
2172,6.63917
2173,6.50097
2174,6.5342
2175,6.56546
2176,6.26712
2177,6.39124
2178,5.85437
2179,6.56283
2180,6.49537
2181,6.56429
2182,6.14081
2183,6.70323
2184,6.16147
2185,6.17558
2186,6.06893
2187,6.04759
2188,6.09454
2189,6.14547
2190,6.31017
2191,5.91191
2192,5.88038
2193,6.27903
2194,5.99592
2195,5.76615
2196,5.67183
2197,6.11691
2198,5.76422
2199,5.90363
2200,6.79738
2201,6.55638
2202,6.81459
2203,6.86419
2204,6.88811
2205,6.81309
2206,6.6999
2207,6.67233
2208,6.50328
2209,6.41862
2210,6.39106
2211,6.64272
2212,6.34527
2213,6.38955
2214,6.44706
2215,6.56012
2216,6.26273
2217,6.36525
2218,6.17057
2219,6.40227
2220,6.04784
2221,6.65133
2222,6.63463
2223,6.65758
2224,6.4944
2225,6.53299
2226,6.64038
2227,6.63029
2228,6.63363
2229,6.55617
2230,6.4046
2231,6.33792
2232,6.52399
2233,6.63264
2234,6.53282
2235,6.33228
2236,6.2378
2237,5.9486
2238,6.36239
2239,6.13291
2240,6.65851
2241,6.66411
2242,6.68411
2243,6.47218
2244,6.70017
2245,6.78017
2246,6.31523
2247,6.61244
2248,6.53754
2249,6.48782
2250,6.34397
2251,6.663
2252,6.46314
2253,6.44914
2254,6.46943
2255,6.26163
2256,6.73177
2257,6.22316
2258,6.21101
2259,6.02431
2260,6.90348
2261,6.87088
2262,6.45845
2263,6.71306
2264,6.54245
2265,6.36728
2266,6.40077
2267,6.44941
2268,6.38691
2269,6.50997
2270,6.70672
2271,6.61272
2272,6.63693
2273,6.24697
2274,6.36273
2275,6.33475
2276,6.25488
2277,6.13788
2278,6.37906
2279,6.09216
2280,6.63368
2281,6.83387
2282,6.91196
2283,6.55791
2284,6.38284
2285,6.55726
2286,6.68492
2287,6.55136
2288,6.51888
2289,6.38841
2290,6.46266
2291,6.577
2292,6.24133
2293,6.15759
2294,6.30595
2295,6.16115
2296,6.23798
2297,5.96199
2298,6.35293
2299,6.27577
2300,6.53881
2301,6.67981
2302,6.57064
2303,6.43261
2304,6.77416
2305,6.55244
2306,6.22098
2307,6.19481
2308,6.41864
2309,6.1682
2310,6.38069
2311,5.9879
2312,6.38012
2313,6.3321
2314,6.04292
2315,6.28517
2316,6.18811
2317,6.10875
2318,6.42793
2319,6.25689
2320,6.73677
2321,6.84783
2322,6.25672
2323,6.4743
2324,6.87484
2325,6.54252
2326,6.67658
2327,6.52233
2328,6.56271
2329,6.69445
2330,6.54497
2331,6.34473
2332,6.5323
2333,6.6023
2334,6.31781
2335,6.52076
2336,6.53023
2337,6.65404
2338,6.42023
2339,6.45799
2340,6.41468
2341,6.24863
2342,6.37226
2343,6.65377
2344,6.16795
2345,6.28902
2346,6.75942
2347,6.32435
2348,6.36286
2349,6.52495
2350,6.57982
2351,6.49688
2352,6.19324
2353,6.41395
2354,6.1405
2355,6.06567
2356,6.22666
2357,6.36961
2358,6.33272
2359,6.35555
2360,6.51885
2361,6.69845
2362,6.64405
2363,6.4159
2364,6.43113
2365,6.32862
2366,6.42068
2367,6.52603
2368,6.57959
2369,6.21886
2370,6.34094
2371,6.46073
2372,6.26554
2373,6.37419
2374,6.09817
2375,6.30235
2376,6.18207
2377,6.4658
2378,6.08406
2379,6.46084
2380,6.41317
2381,6.24795
2382,6.93349
2383,6.52239
2384,6.6143
2385,6.48295
2386,6.7302
2387,6.44428
2388,6.21098
2389,6.48615
2390,6.42228
2391,6.06041
2392,6.36883
2393,6.34113
2394,6.03405
2395,6.41467
2396,6.27588
2397,6.00554
2398,6.23555
2399,6.38797
2400,6.39479
2401,6.799
2402,6.49436
2403,6.2309
2404,6.72732
2405,6.24252
2406,6.38047
2407,6.41464
2408,6.49238
2409,6.29514
2410,6.49506
2411,6.40345
2412,6.35872
2413,6.43945
2414,6.33667
2415,6.18084
2416,6.27924
2417,6.08271
2418,6.00159
2419,6.06911
2420,6.77647
2421,6.4742
2422,6.29856
2423,6.30421
2424,6.21403
2425,6.5806
2426,6.46323
2427,6.66271
2428,6.45942
2429,6.65717
2430,6.48349
2431,6.27686
2432,6.1559
2433,6.44345
2434,6.16314
2435,6.11088
2436,6.33369
2437,6.33398
2438,5.85456
2439,6.08888
2440,6.80804
2441,6.65334
2442,6.3589
2443,6.44327
2444,6.54993
2445,6.44584
2446,6.37445
2447,6.25171
2448,6.68134
2449,6.40965
2450,6.29296
2451,6.52559
2452,6.59344
2453,6.44549
2454,6.35713
2455,6.30415
2456,6.38075
2457,6.21315
2458,6.08562
2459,6.29429
2460,6.603
2461,6.70917
2462,6.12978
2463,6.73952
2464,6.74487
2465,6.76674
2466,6.20609
2467,6.18289
2468,5.81076
2469,6.26884
2470,6.39333
2471,5.91192
2472,6.34538
2473,6.1967
2474,6.11259
2475,6.37564
2476,6.17728
2477,6.25358
2478,6.22557
2479,5.94112
2480,6.0924
2481,6.41586
2482,5.94314
2483,6.01291
2484,6.11652
2485,6.06079
2486,6.19017
2487,6.29432
2488,5.97216
2489,5.60581
2490,6.05351
2491,6.26274
2492,5.92751
2493,5.70637
2494,6.11601
2495,6.02735
2496,5.85512
2497,5.90676
2498,5.82877
2499,5.91701
2500,6.53276
2501,6.51941
2502,6.71736
2503,6.5281
2504,6.10614
2505,6.29185
2506,6.56268
2507,6.40616
2508,6.31643
2509,6.00085
2510,6.33014
2511,6.06032
2512,6.02468
2513,6.03336
2514,6.16637
2515,6.28743
2516,6.36944
2517,5.86643
2518,6.27061
2519,5.7564
2520,6.86597
2521,6.32313
2522,7.006
2523,6.71213
2524,6.54972
2525,6.81911
2526,6.38381
2527,6.3966
2528,6.48467
2529,6.37144
2530,6.5575
2531,6.46545
2532,6.34794
2533,6.39635
2534,6.14796
2535,6.14507
2536,6.56067
2537,6.47644
2538,5.94044
2539,6.29266
2540,6.29102
2541,6.2751
2542,5.52565
2543,6.0923
2544,5.93273
2545,6.05644
2546,6.09849
2547,5.67223
2548,5.87693
2549,6.00476
2550,5.948
2551,6.02942
2552,5.93225
2553,5.90078
2554,5.64448
2555,5.93909
2556,5.75699
2557,5.81863
2558,5.85292
2559,5.98891
2560,7.0633
2561,6.96871
2562,6.79826
2563,6.78662
2564,6.52281
2565,6.39435
2566,6.49368
2567,6.39354
2568,6.08327
2569,6.3868
2570,6.54933
2571,6.46055
2572,6.56668
2573,6.21021
2574,6.32913
2575,6.42194
2576,5.98897
2577,6.45254
2578,6.20996
2579,6.1477
2580,6.5236
2581,6.62538
2582,6.60198
2583,6.72893
2584,6.685
2585,6.58324
2586,6.72508
2587,6.51829
2588,6.58205
2589,6.4505
2590,6.39734
2591,6.22221
2592,6.54274
2593,6.55696
2594,6.49197
2595,6.23032
2596,6.29259
2597,6.27711
2598,6.12327
2599,6.30338
2600,6.33305
2601,6.54363
2602,6.80702
2603,6.59101
2604,6.67184
2605,6.47109
2606,6.4081
2607,6.66169
2608,6.09128
2609,6.20497
2610,6.49761
2611,6.49753
2612,6.50219
2613,6.01693
2614,6.40767
2615,6.31413
2616,6.11627
2617,6.15211
2618,6.08524
2619,6.14554
2620,6.2674
2621,6.6657
2622,6.42517
2623,6.1606
2624,6.49541
2625,6.77806
2626,6.40197
2627,6.29692
2628,6.17543
2629,6.34971
2630,6.27935
2631,6.40701
2632,6.46305
2633,6.45054
2634,6.57943
2635,5.9377
2636,6.03543
2637,5.89093
2638,6.2095
2639,5.89104
2640,6.41092
2641,6.56351
2642,6.6317
2643,6.31435
2644,5.90091
2645,6.8716
2646,6.62442
2647,6.59218
2648,6.22649
2649,6.31657
2650,6.45474
2651,6.27353
2652,6.59661
2653,6.38292
2654,6.21465
2655,5.81132
2656,6.08086
2657,6.19509
2658,5.69706
2659,5.95228
2660,6.51925
2661,6.67643
2662,6.62499
2663,6.29437
2664,6.76261
2665,6.49342
2666,6.26062
2667,6.39605
2668,6.44767
2669,5.85432
2670,6.38106
2671,6.42994
2672,6.1229
2673,6.19167
2674,6.28025
2675,6.18354
2676,6.24017
2677,6.36418
2678,6.52941
2679,6.42988
2680,6.41246
2681,6.27867
2682,6.51479
2683,6.19016
2684,6.3634
2685,6.66015
2686,6.40995
2687,6.41036
2688,6.31023
2689,6.69413
2690,6.07958
2691,6.43438
2692,6.2463
2693,5.98883
2694,6.20989
2695,6.16769
2696,6.18463
2697,6.15098
2698,5.89787
2699,5.95145
2700,6.63118
2701,6.18398
2702,6.55293
2703,6.72341
2704,6.4809
2705,6.82841
2706,6.48791
2707,6.56989
2708,6.26532
2709,6.46045
2710,6.34389
2711,6.38068
2712,6.61261
2713,6.13504
2714,6.33827
2715,6.18982
2716,6.14926
2717,6.3726
2718,6.17326
2719,6.34119
2720,6.57962
2721,6.65466
2722,6.62889
2723,6.44501
2724,6.51687
2725,6.58213
2726,6.27659
2727,6.41433
2728,6.18175
2729,6.34444
2730,6.50969
2731,6.65316
2732,6.37694
2733,6.38715
2734,6.59839
2735,6.1294
2736,6.29448
2737,6.1877
2738,5.86574
2739,5.97169
2740,6.75707
2741,6.68067
2742,6.45291
2743,6.2864
2744,6.78346
2745,6.50404
2746,6.6815
2747,6.36972
2748,6.60868
2749,6.53628
2750,6.25742
2751,6.46828
2752,6.07769
2753,6.35117
2754,6.35314
2755,6.483
2756,6.10126
2757,6.08516
2758,5.91744
2759,6.02432
2760,6.6602
2761,6.24538
2762,6.48529
2763,6.26484
2764,6.45376
2765,6.27324
2766,6.61161
2767,6.43949
2768,6.65865
2769,6.16835
2770,6.43972
2771,6.28131
2772,6.15136
2773,6.12824
2774,6.13639
2775,6.3689
2776,6.35438
2777,5.71678
2778,6.05968
2779,5.82415
2780,6.62856
2781,6.6019
2782,6.55519
2783,6.50913
2784,6.19141
2785,6.60359
2786,6.6844
2787,6.59684
2788,6.44886
2789,6.24864
2790,6.34513
2791,6.24006
2792,6.46488
2793,6.54731
2794,6.87056
2795,6.43705
2796,6.15034
2797,6.17073
2798,6.28472
2799,6.10146
2800,6.38011
2801,6.15514
2802,6.22194
2803,6.17342
2804,6.43416
2805,6.4878
2806,6.30597
2807,6.00201
2808,5.95712
2809,6.10698
2810,5.7224
2811,6.30617
2812,6.06473
2813,5.88653
2814,5.89996
2815,5.64785
2816,5.64068
2817,5.78229
2818,5.75341
2819,5.61059
2820,6.71541
2821,6.49565
2822,6.79854
2823,6.28348
2824,6.67101
2825,6.45727
2826,6.61482
2827,6.74449
2828,6.47734
2829,6.60902
2830,6.59097
2831,6.4624
2832,6.57247
2833,6.15429
2834,6.07994
2835,6.30726
2836,6.37977
2837,6.06264
2838,6.04614
2839,6.35057
2840,6.26475
2841,6.68844
2842,6.30988
2843,6.66391
2844,6.37527
2845,6.57665
2846,6.61776
2847,6.07385
2848,6.35486
2849,6.18857
2850,6.53827
2851,6.21311
2852,6.29397
2853,6.5643
2854,6.10017
2855,6.25668
2856,6.27569
2857,6.1538
2858,6.13649
2859,6.02805
2860,6.2272
2861,6.33222
2862,6.37876
2863,6.17409
2864,6.05519
2865,6.37163
2866,6.09412
2867,6.26316
2868,5.98871
2869,6.1332
2870,6.24144
2871,5.9836
2872,6.30165
2873,6.30049
2874,6.07707
2875,5.63254
2876,5.96566
2877,5.66521
2878,5.6741
2879,5.80038
2880,6.40341
2881,6.58124
2882,6.55349
2883,6.28048
2884,6.89298
2885,6.18948
2886,6.67518
2887,6.42809
2888,6.41149
2889,6.34947
2890,6.01705
2891,6.2684
2892,6.36489
2893,6.468
2894,6.10008
2895,6.39261
2896,6.45563
2897,5.91464
2898,6.39281
2899,5.9684
2900,6.76532
2901,6.64461
2902,6.5526
2903,6.58387
2904,6.48565
2905,6.47656
2906,6.47206
2907,6.26469
2908,6.27685
2909,6.57685
2910,6.22182
2911,6.64995
2912,6.30321
2913,6.12531
2914,6.3118
2915,6.16823
2916,6.35786
2917,6.53417
2918,5.91451
2919,6.10948
2920,6.39076
2921,6.36188
2922,6.42022
2923,6.34899
2924,6.20517
2925,6.48403
2926,6.37482
2927,5.96262
2928,6.27941
2929,6.30645
2930,6.08257
2931,6.23118
2932,6.32102
2933,6.24916
2934,5.89163
2935,5.98955
2936,5.96491
2937,5.9505
2938,6.2731
2939,5.96981
2940,6.54967
2941,6.45906
2942,6.66971
2943,6.61808
2944,6.82135
2945,6.08665
2946,6.28722
2947,6.24901
2948,6.67054
2949,6.36675
2950,6.13797
2951,5.84532
2952,6.23535
2953,6.18064
2954,6.22641
2955,6.16855
2956,6.16141
2957,5.81189
2958,6.16066
2959,6.03366
2960,6.7581
2961,6.47171
2962,6.26435
2963,6.20761
2964,6.56233
2965,6.52182
2966,6.30364
2967,6.46206
2968,5.95306
2969,6.3477
2970,6.54917
2971,6.16909
2972,5.95711
2973,6.31725
2974,6.12324
2975,6.49793
2976,6.2806
2977,5.97403
2978,6.33516
2979,6.21936
2980,6.01049
2981,6.13989
2982,6.11273
2983,6.24582
2984,6.22549
2985,5.56448
2986,6.00896
2987,6.16083
2988,5.62715
2989,5.79098
2990,6.0213
2991,5.81509
2992,6.1898
2993,5.91488
2994,5.93573
2995,5.80068
2996,5.65159
2997,5.6738
2998,5.55183
2999,5.48526
3000,6.58449
3001,6.32345
3002,6.60169
3003,6.38156
3004,5.90046
3005,6.43881
3006,6.08974
3007,6.31948
3008,6.77613
3009,6.15283
3010,5.90632
3011,6.17503
3012,6.15873
3013,6.1177
3014,6.50981
3015,6.24622
3016,5.85399
3017,5.90842
3018,5.86084
3019,5.74181
3020,6.29267
3021,6.29975
3022,6.25133
3023,6.50911
3024,6.65365
3025,6.28498
3026,6.36211
3027,6.43397
3028,6.37206
3029,6.31196
3030,6.3708
3031,6.53604
3032,6.27604
3033,6.22393
3034,6.21536
3035,6.08846
3036,6.12237
3037,5.80238
3038,5.78149
3039,5.62833
3040,6.49678
3041,6.54433
3042,6.54209
3043,6.60218
3044,6.05239
3045,6.72344
3046,6.60037
3047,6.23207
3048,6.33114
3049,6.53707
3050,6.30807
3051,5.87998
3052,6.23471
3053,6.21055
3054,5.78946
3055,5.89014
3056,5.91076
3057,5.82618
3058,6.04053
3059,5.66864
3060,7.09157
3061,6.72235
3062,6.59499
3063,6.85362
3064,6.29178
3065,6.70542
3066,6.05094
3067,6.60141
3068,6.25476
3069,6.3958
3070,6.70216
3071,6.08322
3072,6.18869
3073,6.37901
3074,5.97518
3075,6.371
3076,6.55795
3077,6.24313
3078,5.8999
3079,6.14184
3080,6.15121
3081,6.4986
3082,6.22812
3083,6.62131
3084,6.35037
3085,6.07932
3086,5.78131
3087,6.38782
3088,6.35966
3089,6.37318
3090,6.62592
3091,5.46476
3092,6.1205
3093,6.58098
3094,6.09184
3095,5.92534
3096,6.27856
3097,5.91779
3098,5.61815
3099,6.11873
3100,6.27782
3101,6.4656
3102,6.38577
3103,6.44489
3104,6.76083
3105,6.59893
3106,6.26574
3107,5.98481
3108,6.48359
3109,6.19504
3110,6.18276
3111,5.99845
3112,5.93685
3113,6.10897
3114,6.00908
3115,6.05556
3116,6.27505
3117,6.15102
3118,6.40072
3119,6.11327
3120,6.9017
3121,6.681
3122,5.97337
3123,6.41661
3124,6.34316
3125,6.24262
3126,6.16489
3127,6.31871
3128,6.07518
3129,6.50311
3130,6.11515
3131,5.9335
3132,6.05801
3133,5.79199
3134,6.00567
3135,6.15796
3136,6.35667
3137,5.95144
3138,6.30353
3139,5.85581
3140,6.85716
3141,6.65392
3142,6.66646
3143,6.42726
3144,6.60118
3145,6.69574
3146,6.34772
3147,6.42257
3148,6.5471
3149,6.56191
3150,6.21222
3151,6.4788
3152,6.14023
3153,6.19149
3154,6.45081
3155,6.31956
3156,6.25877
3157,6.36616
3158,6.17015
3159,6.05882
3160,6.39821
3161,6.56599
3162,6.21486
3163,6.28843
3164,6.55414
3165,6.28959
3166,6.27325
3167,6.17372
3168,6.44077
3169,6.2002
3170,6.11982
3171,6.28333
3172,6.35189
3173,6.00573
3174,6.13183
3175,5.84148
3176,6.05941
3177,6.19491
3178,5.71558
3179,5.85494
3180,6.34647
3181,6.47917
3182,6.59452
3183,6.21495
3184,6.54236
3185,6.29334
3186,6.31394
3187,6.24645
3188,6.54657
3189,6.1539
3190,5.88677
3191,5.95791
3192,6.2624
3193,6.23565
3194,6.16214
3195,6.21758
3196,6.05631
3197,5.77939
3198,6.3534
3199,6.10491
3200,6.17291
3201,6.38217
3202,6.25148
3203,6.30455
3204,6.48446
3205,6.58386
3206,6.20247
3207,6.3424
3208,6.4992
3209,6.13212
3210,6.37067
3211,6.05381
3212,6.27346
3213,5.9402
3214,6.27291
3215,5.75943
3216,5.8398
3217,5.87291
3218,6.25141
3219,5.92358
3220,6.5374
3221,6.11899
3222,5.89432
3223,5.96436
3224,6.1799
3225,6.07587
3226,5.65708
3227,6.43604
3228,5.32396
3229,6.12276
3230,6.01915
3231,5.711
3232,5.48506
3233,5.67884
3234,5.67577
3235,5.69359
3236,5.39101
3237,5.74925
3238,5.6706
3239,5.85314
3240,6.5444
3241,6.76852
3242,6.44177
3243,6.16005
3244,6.62324
3245,5.96024
3246,6.12
3247,6.19951
3248,6.09653
3249,6.48812
3250,5.90984
3251,6.08863
3252,6.24417
3253,6.06601
3254,5.9479
3255,6.14592
3256,6.1175
3257,5.68631
3258,5.71124
3259,5.7364
3260,6.43931
3261,6.27628
3262,6.69546
3263,6.0753
3264,6.34039
3265,6.4811
3266,5.93094
3267,6.31412
3268,6.41132
3269,6.09996
3270,6.20791
3271,6.2803
3272,6.53089
3273,5.99268
3274,6.02126
3275,5.9085
3276,6.03386
3277,6.19982
3278,5.91444
3279,5.67276
3280,6.35118
3281,6.19397
3282,6.01656
3283,6.27045
3284,5.8981
3285,6.16014
3286,5.63755
3287,6.0246
3288,6.15658
3289,5.89005
3290,5.81631
3291,5.89903
3292,5.7898
3293,5.78846
3294,5.50406
3295,5.64824
3296,5.91944
3297,5.5795
3298,6.07957
3299,5.53788
3300,6.43984
3301,6.51903
3302,6.82071
3303,6.66426
3304,6.42397
3305,6.34208
3306,6.63041
3307,6.48394
3308,6.25136
3309,6.17918
3310,6.11469
3311,5.73112
3312,5.9526
3313,5.99387
3314,5.94287
3315,6.13367
3316,5.81448
3317,5.93047
3318,6.07323
3319,5.60978
3320,6.43435
3321,6.74135
3322,6.21522
3323,6.92819
3324,6.13039
3325,6.29021
3326,6.43776
3327,6.10388
3328,6.28915
3329,6.29475
3330,6.28683
3331,6.20407
3332,6.2032
3333,6.07337
3334,6.17905
3335,5.87316
3336,6.02637
3337,6.15267
3338,5.93973
3339,6.18362
3340,6.43873
3341,6.73345
3342,6.25811
3343,6.0388
3344,6.46171
3345,6.25699
3346,6.15012
3347,6.24795
3348,6.16567
3349,6.31767
3350,6.46871
3351,6.05837
3352,6.00174
3353,5.93022
3354,6.27559
3355,5.68866
3356,5.70884
3357,6.29811
3358,5.94755
3359,6.07896
3360,6.37003
3361,6.23715
3362,6.79023
3363,6.39158
3364,6.44808
3365,6.35352
3366,6.22094
3367,6.2869
3368,6.1092
3369,6.42623
3370,6.57548
3371,6.29458
3372,5.99516
3373,6.12706
3374,6.3495
3375,5.92985
3376,6.00875
3377,6.13437
3378,6.37167
3379,5.99794
3380,6.6393
3381,6.43089
3382,6.16245
3383,6.37888
3384,6.46301
3385,6.43589
3386,6.58383
3387,6.25646
3388,6.2368
3389,6.20219
3390,5.95271
3391,6.1223
3392,6.33626
3393,6.17686
3394,6.12068
3395,6.01505
3396,6.01199
3397,5.95182
3398,5.68772
3399,5.73708
3400,6.44593
3401,6.72794
3402,6.02241
3403,6.34407
3404,6.33769
3405,6.32778
3406,6.48893
3407,6.29954
3408,6.45943
3409,6.19487
3410,6.45931
3411,6.33058
3412,6.36141
3413,6.19108
3414,5.98356
3415,5.79872
3416,5.94703
3417,6.0614
3418,5.78588
3419,6.17396
3420,6.52639
3421,6.44567
3422,6.49032
3423,6.1497
3424,6.34207
3425,6.33519
3426,6.12117
3427,6.43245
3428,5.89086
3429,6.56335
3430,6.34025
3431,5.92045
3432,5.84655
3433,5.90804
3434,5.60525
3435,5.98793
3436,6.04589
3437,6.05857
3438,6.00281
3439,5.82578
3440,5.6704
3441,5.95749
3442,6.18775
3443,5.58069
3444,5.88953
3445,5.82646
3446,5.66833
3447,5.91229
3448,5.68087
3449,5.82815
3450,5.73645
3451,5.43387
3452,5.31976
3453,5.46312
3454,5.79777
3455,5.59483
3456,5.59144
3457,5.50463
3458,5.0848
3459,5.54679
3460,6.10741
3461,5.9009
3462,5.64375
3463,6.09395
3464,6.02733
3465,6.43908
3466,5.60737
3467,5.99376
3468,5.79963
3469,5.98099
3470,5.85098
3471,5.50683
3472,5.7786
3473,5.80959
3474,5.57638
3475,6.30088
3476,5.50664
3477,5.52129
3478,5.7812
3479,5.7783
3480,5.79169
3481,5.46272
3482,5.56367
3483,5.35144
3484,5.38528
3485,5.47315
3486,5.31429
3487,4.93135
3488,5.32494
3489,5.37878
3490,4.81748
3491,4.68604
3492,4.62446
3493,4.84069
3494,5.06933
3495,5.06271
3496,5.0637
3497,4.69098
3498,4.98677
3499,4.82572
3500,5.9105
3501,5.56202
3502,5.80987
3503,5.97865
3504,5.63528
3505,5.48898
3506,5.37234
3507,5.68619
3508,5.57687
3509,5.42067
3510,5.65432
3511,4.99946
3512,5.46052
3513,5.42666
3514,5.21892
3515,5.24323
3516,5.37788
3517,5.04587
3518,5.41102
3519,4.97102
3520,4.86059
3521,4.67325
3522,4.81623
3523,4.52907
3524,4.91162
3525,5.19417
3526,4.3729
3527,4.59282
3528,4.81792
3529,4.81869
3530,4.65339
3531,5.06583
3532,4.53561
3533,4.64072
3534,4.0677
3535,4.48938
3536,4.52377
3537,4.29815
3538,4.26442
3539,4.36526
3540,6.9666
3541,6.98403
3542,6.76481
3543,7.02436
3544,7.39655
3545,6.8458
3546,6.92105
3547,7.04666
3548,6.47075
3549,6.6403
3550,6.80011
3551,6.08688
3552,6.30219
3553,6.26883
3554,5.94236
3555,6.57846
3556,5.95388
3557,6.05428
3558,5.69193
3559,5.90075
3560,6.79296
3561,6.67381
3562,6.59503
3563,6.65981
3564,6.62888
3565,6.48216
3566,6.6939
3567,6.28264
3568,6.67214
3569,6.7383
3570,6.06837
3571,6.15549
3572,6.66782
3573,6.28052
3574,6.22036
3575,6.0357
3576,6.12417
3577,5.87579
3578,6.13161
3579,6.31503
3580,6.38782
3581,6.71356
3582,6.10188
3583,6.6377
3584,6.05923
3585,6.30347
3586,6.49819
3587,6.16235
3588,6.63756
3589,6.50727
3590,6.18413
3591,6.09838
3592,5.76525
3593,6.04424
3594,6.0144
3595,6.291
3596,6.05336
3597,6.05354
3598,6.18976
3599,5.88513
3600,6.56489
3601,6.33704
3602,6.4949
3603,6.34977
3604,6.21195
3605,6.28166
3606,6.26091
3607,6.12593
3608,6.0498
3609,6.15389
3610,6.13738
3611,6.09986
3612,5.91217
3613,6.2425
3614,5.7797
3615,5.97289
3616,6.19451
3617,5.92613
3618,5.94228
3619,5.96419
3620,6.19015
3621,6.33747
3622,5.93641
3623,6.422
3624,6.46502
3625,6.14712
3626,6.10209
3627,6.51119
3628,6.3064
3629,5.9329
3630,6.03209
3631,6.09491
3632,6.02402
3633,6.43639
3634,5.76467
3635,5.9041
3636,6.13781
3637,6.17228
3638,5.96094
3639,6.09276
3640,6.51048
3641,6.34731
3642,6.58527
3643,6.30034
3644,6.44891
3645,6.49784
3646,6.42465
3647,6.22721
3648,6.3587
3649,6.47781
3650,6.30292
3651,6.00825
3652,6.10171
3653,6.37979
3654,6.52939
3655,5.82689
3656,6.2111
3657,6.25791
3658,5.8869
3659,5.91618
3660,5.87222
3661,5.75609
3662,6.12202
3663,5.48423
3664,5.88778
3665,5.61052
3666,5.68711
3667,5.65326
3668,5.87954
3669,5.10819
3670,5.74268
3671,5.63314
3672,5.69701
3673,5.51666
3674,5.56284
3675,5.48702
3676,5.52833
3677,5.61611
3678,5.53452
3679,5.45833
3680,5.80271
3681,5.8279
3682,6.04538
3683,6.00529
3684,6.01086
3685,6.06246
3686,5.92926
3687,5.90034
3688,5.92151
3689,5.78849
3690,5.77359
3691,6.21362
3692,5.59348
3693,5.60437
3694,5.82024
3695,5.44691
3696,5.44225
3697,5.48981
3698,5.30432
3699,5.46033
3700,6.67318
3701,6.83754
3702,6.1416
3703,6.35083
3704,6.43276
3705,6.96753
3706,6.33401
3707,6.21833
3708,6.57242
3709,6.21566
3710,6.19798
3711,5.75273
3712,6.29571
3713,6.04217
3714,6.26392
3715,5.88531
3716,5.6642
3717,5.9317
3718,5.2844
3719,5.87422
3720,6.09916
3721,6.0911
3722,6.52337
3723,6.03741
3724,5.80685
3725,6.16503
3726,6.24696
3727,5.67441
3728,6.19035
3729,5.89543
3730,6.17957
3731,5.7312
3732,5.67998
3733,5.75922
3734,5.81128
3735,5.65926
3736,5.81662
3737,5.6776
3738,5.75986
3739,5.86663
3740,6.35355
3741,6.28266
3742,6.7803
3743,6.57698
3744,6.43623
3745,6.39457
3746,5.8605
3747,6.25234
3748,6.28797
3749,6.40477
3750,6.31773
3751,6.27322
3752,6.16442
3753,6.01659
3754,6.29987
3755,6.40891
3756,6.13659
3757,5.80529
3758,5.93993
3759,6.10269
3760,6.52635
3761,6.63645
3762,6.67648
3763,6.34116
3764,6.35203
3765,6.51872
3766,6.06066
3767,6.22323
3768,6.45546
3769,6.49032
3770,6.45744
3771,6.26924
3772,6.13469
3773,6.33879
3774,6.01374
3775,6.06667
3776,6.2307
3777,5.9278
3778,6.2674
3779,6.195
3780,6.56989
3781,6.29031
3782,6.68524
3783,6.25068
3784,6.65825
3785,6.30211
3786,6.27688
3787,6.47533
3788,6.28009
3789,6.21304
3790,6.07302
3791,6.06294
3792,6.11845
3793,6.09676
3794,6.1513
3795,5.78035
3796,5.898
3797,5.75851
3798,5.45067
3799,5.73536
3800,6.07224
3801,6.476
3802,5.92024
3803,6.05657
3804,6.3871
3805,6.35672
3806,6.38326
3807,6.15955
3808,6.01725
3809,6.3108
3810,6.19714
3811,6.29062
3812,5.91386
3813,6.11203
3814,6.01964
3815,5.75464
3816,5.95043
3817,5.70203
3818,5.92548
3819,6.24264
3820,6.25015
3821,6.66549
3822,6.34824
3823,5.88378
3824,6.32876
3825,6.23533
3826,6.14327
3827,6.04346
3828,5.95758
3829,6.27887
3830,6.06962
3831,6.19578
3832,6.22777
3833,6.17681
3834,5.89757
3835,6.15635
3836,6.38634
3837,6.12775
3838,5.8565
3839,5.40644
3840,6.57864
3841,6.72895
3842,6.30955
3843,6.01954
3844,6.39904
3845,6.1403
3846,6.23324
3847,6.26993
3848,6.24953
3849,6.06908
3850,6.43335
3851,6.40996
3852,6.06601
3853,5.78473
3854,6.33767
3855,6.12518
3856,6.23483
3857,5.67245
3858,5.8454
3859,5.81359
3860,6.03815
3861,6.25324
3862,6.13395
3863,6.69377
3864,5.96773
3865,6.36967
3866,6.41354
3867,6.78398
3868,6.13002
3869,6.32016
3870,6.15069
3871,6.1598
3872,6.13321
3873,5.8782
3874,6.10095
3875,5.58741
3876,5.82383
3877,5.62578
3878,5.84326
3879,6.07843
3880,6.21072
3881,6.02446
3882,6.27333
3883,6.61262
3884,6.00333
3885,6.02878
3886,6.11397
3887,5.82893
3888,5.93419
3889,6.11225
3890,5.57366
3891,5.98425
3892,5.45532
3893,6.1791
3894,5.65672
3895,5.7847
3896,6.11584
3897,6.00107
3898,5.64265
3899,5.74866
3900,6.21913
3901,6.29157
3902,6.6175
3903,6.39795
3904,6.11829
3905,5.99999
3906,6.10204
3907,5.97211
3908,6.13655
3909,6.03818
3910,5.91451
3911,5.98584
3912,6.40515
3913,5.85382
3914,6.2803
3915,5.78029
3916,5.65058
3917,5.82411
3918,5.82889
3919,5.522
3920,6.22648
3921,6.29827
3922,6.80047
3923,6.13092
3924,6.21871
3925,6.03875
3926,6.45305
3927,5.83848
3928,6.09148
3929,6.42843
3930,6.17244
3931,6.22276
3932,5.98268
3933,6.11413
3934,6.13805
3935,5.76062
3936,6.10685
3937,6.2151
3938,5.7069
3939,5.73123
3940,5.56747
3941,5.59988
3942,5.40108
3943,5.53452
3944,5.49592
3945,5.48461
3946,5.19033
3947,5.05985
3948,5.40591
3949,5.67545
3950,5.51332
3951,5.77373
3952,5.49889
3953,4.95406
3954,5.33976
3955,5.31979
3956,5.39264
3957,4.98472
3958,5.23603
3959,5.52142
3960,6.32665
3961,6.35253
3962,6.22346
3963,6.54963
3964,6.3327
3965,6.02943
3966,6.52993
3967,6.1579
3968,6.44648
3969,6.23967
3970,6.0931
3971,6.18772
3972,5.85972
3973,5.89139
3974,6.20831
3975,6.20406
3976,6.21719
3977,6.05969
3978,5.77456
3979,6.15678
3980,6.34037
3981,6.46368
3982,6.11397
3983,6.35323
3984,6.13975
3985,6.16521
3986,6.39235
3987,6.20382
3988,6.03353
3989,6.50448
3990,6.45372
3991,6.04885
3992,5.8148
3993,5.41917
3994,5.81578
3995,6.1682
3996,5.71129
3997,5.48258
3998,5.96306
3999,5.61349
4000,6.29111
4001,6.71149
4002,6.39699
4003,6.4593
4004,6.46481
4005,6.41919
4006,6.6637
4007,6.27491
4008,6.18399
4009,6.13518
4010,6.32502
4011,6.20283
4012,5.79646
4013,6.27744
4014,5.99033
4015,5.64906
4016,6.10632
4017,5.99066
4018,5.97542
4019,5.72661
4020,5.42116
4021,5.43026
4022,5.89963
4023,5.95208
4024,5.77633
4025,5.3376
4026,5.5683
4027,5.27193
4028,5.93226
4029,5.65546
4030,5.68734
4031,5.21489
4032,5.31858
4033,5.40951
4034,5.49806
4035,5.21509
4036,5.63437
4037,5.49132
4038,5.29806
4039,4.9331
4040,6.46216
4041,6.28073
4042,6.47682
4043,6.689
4044,6.38777
4045,6.51413
4046,5.9181
4047,6.38578
4048,6.27806
4049,6.06134
4050,6.24318
4051,5.92543
4052,5.99868
4053,6.12955
4054,5.92001
4055,5.98042
4056,6.07506
4057,5.59039
4058,5.75808
4059,6.01527
4060,6.21661
4061,6.69985
4062,6.29035
4063,6.27085
4064,6.13956
4065,6.12733
4066,6.07293
4067,6.09372
4068,6.1252
4069,6.39322
4070,6.07005
4071,5.8745
4072,5.93473
4073,6.0509
4074,6.43742
4075,5.60846
4076,5.94289
4077,5.9419
4078,5.58439
4079,5.78562
4080,6.3951
4081,6.0428
4082,5.89114
4083,6.08842
4084,6.19658
4085,6.52783
4086,6.0636
4087,6.2945
4088,6.49406
4089,6.01851
4090,5.97555
4091,6.35198
4092,6.01209
4093,5.63843
4094,5.96208
4095,6.17347
4096,6.05958
4097,5.61799
4098,5.75952
4099,5.96447
4100,6.54051
4101,6.22313
4102,6.18257
4103,6.0708
4104,5.50714
4105,6.35751
4106,6.01017
4107,5.80452
4108,5.97917
4109,5.87936
4110,5.69855
4111,6.063
4112,5.93674
4113,5.6019
4114,6.02174
4115,6.00219
4116,5.52643
4117,5.77882
4118,5.44073
4119,5.5911
4120,6.22131
4121,6.67714
4122,6.11532
4123,6.28699
4124,6.04176
4125,6.24615
4126,6.06129
4127,6.22401
4128,6.01858
4129,6.02288
4130,5.87699
4131,6.08151
4132,6.43635
4133,6.38446
4134,6.16011
4135,5.99969
4136,5.76164
4137,5.82836
4138,6.13196
4139,5.82078
4140,6.23394
4141,6.52932
4142,6.10442
4143,6.35726
4144,6.03353
4145,6.18829
4146,6.50255
4147,6.02949
4148,6.2073
4149,6.11655
4150,5.90202
4151,5.96594
4152,5.80105
4153,5.59008
4154,5.7584
4155,5.76549
4156,6.18306
4157,5.65188
4158,5.90778
4159,5.64053
4160,6.29816
4161,6.30505
4162,6.35167
4163,6.43371
4164,6.28106
4165,5.98973
4166,6.04045
4167,5.98095
4168,6.18988
4169,5.9194
4170,6.1555
4171,5.56659
4172,5.91687
4173,6.08325
4174,5.73673
4175,5.87836
4176,6.01151
4177,5.50716
4178,5.98493
4179,5.56515
4180,5.90852
4181,5.86688
4182,5.23913
4183,5.59573
4184,5.73608
4185,5.7381
4186,5.66607
4187,5.27629
4188,5.19774
4189,5.46631
4190,5.27811
4191,5.34003
4192,5.41076
4193,5.31238
4194,4.58031
4195,5.12876
4196,5.37704
4197,5.21728
4198,5.20229
4199,5.28537
4200,6.20745
4201,6.53677
4202,6.59203
4203,7.05547
4204,6.42621
4205,6.29985
4206,6.32116
4207,6.25168
4208,6.38928
4209,6.24761
4210,6.26754
4211,6.0793
4212,6.15712
4213,6.1558
4214,5.81876
4215,5.42984
4216,5.8084
4217,5.95863
4218,5.69421
4219,5.72595
4220,6.28284
4221,5.70102
4222,6.20018
4223,6.329
4224,5.90489
4225,6.22361
4226,6.37635
4227,6.25312
4228,6.36642
4229,6.15868
4230,6.0475
4231,5.91831
4232,5.86908
4233,5.89688
4234,5.87947
4235,5.59728
4236,6.00678
4237,5.59847
4238,5.72762
4239,5.97367
4240,6.22434
4241,6.28955
4242,6.48482
4243,6.26611
4244,6.11774
4245,6.23067
4246,5.97386
4247,6.1148
4248,6.0206
4249,6.24774
4250,6.02517
4251,5.94763
4252,6.14681
4253,6.176
4254,6.28816
4255,6.00663
4256,6.1069
4257,5.97004
4258,6.04233
4259,6.04609
4260,5.8906
4261,6.15816
4262,6.28048
4263,6.19936
4264,6.06911
4265,6.00335
4266,6.42274
4267,6.39165
4268,6.05586
4269,6.01831
4270,6.2809
4271,6.30438
4272,6.49415
4273,6.12404
4274,5.91878
4275,5.91062
4276,5.70442
4277,5.88577
4278,5.47402
4279,5.35621
4280,6.09986
4281,6.25548
4282,6.28696
4283,5.94413
4284,5.96149
4285,6.09533
4286,6.18555
4287,6.24369
4288,6.41779
4289,5.93085
4290,6.05217
4291,6.20376
4292,6.1957
4293,5.93742
4294,6.28627
4295,5.83676
4296,5.9422
4297,5.9939
4298,5.67942
4299,5.6953
4300,5.41526
4301,6.00605
4302,5.69114
4303,5.60253
4304,5.9522
4305,5.7579
4306,5.28184
4307,5.57668
4308,5.64761
4309,5.76176
4310,5.86643
4311,5.44125
4312,5.06766
4313,5.38237
4314,5.40921
4315,5.17922
4316,5.43082
4317,5.48581
4318,4.84095
4319,5.23207
4320,6.44504
4321,6.27391
4322,6.32563
4323,6.28158
4324,6.36998
4325,6.54885
4326,6.37399
4327,6.2682
4328,6.27047
4329,6.33124
4330,5.97956
4331,6.54705
4332,6.02259
4333,5.99176
4334,5.86042
4335,5.97766
4336,5.54224
4337,6.19699
4338,5.99991
4339,5.52556
4340,6.2771
4341,6.33118
4342,6.35644
4343,6.25894
4344,5.69622
4345,6.30087
4346,6.36933
4347,5.90675
4348,6.13715
4349,6.47318
4350,5.66828
4351,6.1829
4352,5.79345
4353,5.88396
4354,5.78407
4355,5.7499
4356,6.08847
4357,5.86779
4358,5.86922
4359,5.78112
4360,6.39765
4361,5.97592
4362,6.12386
4363,5.7634
4364,5.77648
4365,6.37064
4366,6.31149
4367,5.86423
4368,6.02551
4369,5.99024
4370,5.97334
4371,6.04307
4372,5.81772
4373,6.04277
4374,6.23511
4375,5.4045
4376,5.82712
4377,5.66885
4378,5.89469
4379,5.97035
4380,6.31472
4381,5.93934
4382,6.33391
4383,6.08702
4384,6.06824
4385,5.89083
4386,5.92838
4387,6.33522
4388,5.78992
4389,5.82301
4390,5.69473
4391,6.18341
4392,5.72796
4393,5.99382
4394,5.84688
4395,5.79242
4396,5.57944
4397,5.99355
4398,5.48336
4399,5.56571
4400,6.27415
4401,6.45147
4402,5.97644
4403,6.29073
4404,5.79567
4405,6.48907
4406,6.21323
4407,6.32818
4408,6.16598
4409,5.95841
4410,5.63681
4411,5.97033
4412,5.79237
4413,5.89396
4414,5.76917
4415,5.72016
4416,5.69483
4417,5.67785
4418,5.33765
4419,6.08042
4420,5.94074
4421,6.19719
4422,6.1562
4423,6.46618
4424,5.96307
4425,5.95032
4426,5.94622
4427,5.73234
4428,6.12509
4429,5.50247
4430,6.04605
4431,6.06688
4432,6.07305
4433,6.03058
4434,5.82748
4435,5.39642
4436,5.5365
4437,5.66445
4438,5.91792
4439,5.23363
4440,6.15225
4441,5.91429
4442,6.09089
4443,6.56464
4444,5.74606
4445,6.07096
4446,5.77592
4447,5.63362
4448,5.21071
4449,5.79712
4450,6.05457
4451,5.59424
4452,5.63232
4453,6.05139
4454,5.74421
4455,5.26048
4456,5.75941
4457,5.66764
4458,5.81222
4459,5.11177
4460,6.00912
4461,6.5459
4462,6.15299
4463,6.20026
4464,5.88661
4465,6.42554
4466,6.16128
4467,6.11845
4468,6.14876
4469,6.1752
4470,6.28472
4471,6.33153
4472,6.00711
4473,5.5165
4474,5.88432
4475,5.3975
4476,5.49008
4477,5.53432
4478,5.45927
4479,5.09667
4480,6.38703
4481,6.51454
4482,6.50933
4483,6.28992
4484,6.44823
4485,5.70927
4486,6.17382
4487,6.11386
4488,6.10072
4489,5.95496
4490,5.92464
4491,5.95587
4492,5.80463
4493,6.30475
4494,5.84929
4495,5.91644
4496,5.49261
4497,5.90952
4498,6.04587
4499,5.83519
4500,5.63809
4501,6.0111
4502,6.31054
4503,5.79704
4504,5.78899
4505,6.01539
4506,5.26556
4507,5.70406
4508,5.66836
4509,5.42931
4510,5.76863
4511,5.51006
4512,5.34159
4513,5.51687
4514,5.59556
4515,5.42669
4516,4.90889
4517,5.07179
4518,5.20652
4519,5.00861
4520,5.00277
4521,5.18619
4522,4.83276
4523,4.68682
4524,5.35331
4525,4.60978
4526,4.79306
4527,4.88103
4528,4.444
4529,4.43044
4530,4.81891
4531,4.67174
4532,4.33613
4533,4.64453
4534,4.79578
4535,4.29479
4536,4.94583
4537,4.31883
4538,4.4507
4539,4.21651
4540,6.93958
4541,6.19424
4542,7.06348
4543,7.13089
4544,6.35885
4545,6.50069
4546,5.9875
4547,6.02473
4548,6.2399
4549,5.779
4550,5.58194
4551,6.07401
4552,6.26563
4553,5.61056
4554,5.65392
4555,5.24479
4556,5.85279
4557,5.82363
4558,4.914
4559,5.33824
4560,6.63985
4561,6.14471
4562,6.08136
4563,6.32049
4564,6.33584
4565,6.06541
4566,5.81207
4567,6.58966
4568,6.30551
4569,6.13163
4570,5.88876
4571,5.98311
4572,5.71859
4573,5.70023
4574,5.38085
4575,5.64303
4576,5.49239
4577,5.75553
4578,5.4245
4579,5.87155
4580,5.75006
4581,5.63798
4582,5.5435
4583,5.7022
4584,5.53013
4585,5.13635
4586,4.82877
4587,5.27307
4588,5.35227
4589,4.81492
4590,5.31652
4591,4.75609
4592,5.09098
4593,4.93442
4594,4.99742
4595,4.83208
4596,4.83414
4597,4.38878
4598,4.82157
4599,4.71766
4600,6.14432
4601,6.31871
4602,6.144
4603,6.8276
4604,6.11846
4605,6.03476
4606,6.26901
4607,6.55529
4608,6.15842
4609,5.83065
4610,5.92196
4611,5.9434
4612,5.35523
4613,5.89237
4614,5.55819
4615,5.36152
4616,5.65475
4617,5.64786
4618,5.54876
4619,4.95752
4620,6.38516
4621,6.70685
4622,6.35988
4623,6.69059
4624,6.2852
4625,6.47625
4626,5.91257
4627,6.17217
4628,6.16638
4629,6.57335
4630,6.37771
4631,5.98625
4632,6.01056
4633,5.86293
4634,5.74831
4635,5.99456
4636,6.06757
4637,5.70804
4638,5.88207
4639,5.5941
4640,6.22692
4641,6.3251
4642,6.32387
4643,6.26999
4644,6.37361
4645,5.74546
4646,6.25997
4647,6.31431
4648,5.78119
4649,6.25927
4650,6.20062
4651,6.3881
4652,6.05709
4653,6.14409
4654,5.63673
4655,5.72319
4656,5.88802
4657,6.10367
4658,6.18633
4659,5.48995
4660,6.38485
4661,6.41587
4662,6.39105
4663,6.29353
4664,5.9845
4665,5.89188
4666,6.2838
4667,6.5148
4668,5.7825
4669,5.65435
4670,5.82642
4671,5.53108
4672,6.07207
4673,6.10983
4674,5.80915
4675,5.96332
4676,5.86593
4677,5.55968
4678,5.64336
4679,5.63832
4680,6.49167
4681,6.68034
4682,6.37034
4683,6.23672
4684,6.15582
4685,5.99735
4686,6.19168
4687,5.52967
4688,5.93317
4689,6.00386
4690,5.80715
4691,6.13052
4692,6.04777
4693,5.89454
4694,5.86322
4695,6.17254
4696,5.80458
4697,5.81685
4698,5.53877
4699,5.76526
4700,5.70268
4701,5.83662
4702,5.42875
4703,5.5321
4704,5.32721
4705,5.0788
4706,5.56326
4707,5.4489
4708,5.24069
4709,5.58563
4710,5.73704
4711,5.31963
4712,5.53143
4713,5.03007
4714,5.41478
4715,4.97309
4716,5.02043
4717,5.00989
4718,4.72791
4719,5.11738
4720,6.39848
4721,6.15461
4722,5.9856
4723,6.3856
4724,6.59881
4725,6.40928
4726,6.61328
4727,6.05034
4728,5.7541
4729,6.17339
4730,6.00142
4731,6.16937
4732,5.29957
4733,5.9191
4734,6.15347
4735,5.80582
4736,5.69603
4737,5.70904
4738,5.34978
4739,5.40636
4740,6.36532
4741,6.43839
4742,6.76342
4743,6.38981
4744,6.3897
4745,6.35541
4746,6.01567
4747,6.141
4748,6.35456
4749,6.47092
4750,6.40025
4751,6.12825
4752,6.01699
4753,5.84657
4754,6.30764
4755,6.14264
4756,6.63163
4757,6.03422
4758,5.56698
4759,5.77975
4760,6.24293
4761,6.43749
4762,6.67034
4763,6.50362
4764,6.15635
4765,6.18233
4766,6.59016
4767,6.3061
4768,6.08229
4769,6.17721
4770,6.06631
4771,6.12788
4772,5.86878
4773,6.06481
4774,6.08091
4775,6.13832
4776,5.83612
4777,5.80423
4778,6.14487
4779,5.92282
4780,6.43531
4781,6.34671
4782,6.10385
4783,6.5013
4784,5.75306
4785,6.24676
4786,5.79575
4787,6.16243
4788,6.3573
4789,6.0283
4790,6.22884
4791,6.29679
4792,5.87695
4793,6.1603
4794,6.08739
4795,6.35815
4796,5.5651
4797,5.69064
4798,5.71082
4799,5.72234
4800,6.35682
4801,6.24941
4802,6.14742
4803,6.15023
4804,5.99055
4805,5.99384
4806,5.89191
4807,6.05315
4808,6.06043
4809,5.98271
4810,6.06979
4811,5.80876
4812,5.58542
4813,5.555
4814,5.48963
4815,6.09591
4816,5.63109
4817,5.48486
4818,5.46905
4819,5.81298
4820,6.18325
4821,6.18382
4822,6.01833
4823,6.27995
4824,6.34337
4825,6.40281
4826,6.17169
4827,6.32049
4828,5.85516
4829,5.86256
4830,5.98908
4831,6.18854
4832,5.58733
4833,5.9331
4834,5.77384
4835,5.9797
4836,5.91294
4837,5.68266
4838,5.60652
4839,5.78978
4840,5.78335
4841,5.56468
4842,5.38905
4843,5.61106
4844,5.7089
4845,5.07904
4846,5.3952
4847,5.51205
4848,5.19554
4849,5.30519
4850,4.72879
4851,5.07714
4852,5.4474
4853,5.17457
4854,5.16135
4855,5.00785
4856,4.85777
4857,4.68509
4858,5.32011
4859,5.11336
4860,6.21265
4861,6.27
4862,5.92447
4863,6.39269
4864,6.62456
4865,6.46059
4866,6.25749
4867,6.14785
4868,6.05738
4869,5.80453
4870,6.07785
4871,6.05912
4872,5.95573
4873,5.6694
4874,5.64783
4875,5.88416
4876,5.6944
4877,5.55125
4878,5.4472
4879,5.16546
4880,5.94788
4881,6.08941
4882,6.19182
4883,6.13617
4884,6.24001
4885,6.05092
4886,5.92381
4887,6.22966
4888,5.69476
4889,6.07916
4890,5.68557
4891,6.10397
4892,6.07889
4893,5.54053
4894,5.57528
4895,5.88673
4896,5.81288
4897,5.4019
4898,5.72703
4899,5.75531
4900,5.96343
4901,5.82908
4902,6.07852
4903,5.94988
4904,5.77296
4905,5.77722
4906,5.85561
4907,6.00532
4908,5.86255
4909,6.10677
4910,5.73553
4911,6.01115
4912,5.65215
4913,5.99885
4914,5.65399
4915,5.35819
4916,5.33833
4917,5.78162
4918,5.71705
4919,5.21852
4920,5.94436
4921,5.831
4922,5.95954
4923,6.4966
4924,5.8593
4925,6.40972
4926,6.43199
4927,6.08479
4928,6.1539
4929,5.8019
4930,5.7003
4931,5.34598
4932,5.53803
4933,5.77889
4934,6.01318
4935,5.27702
4936,6.1317
4937,5.56938
4938,5.88061
4939,5.76867
4940,6.2432
4941,5.83456
4942,5.9126
4943,5.84133
4944,6.08622
4945,6.04065
4946,5.98041
4947,5.94311
4948,6.25411
4949,6.0785
4950,6.08381
4951,5.68681
4952,5.52685
4953,5.63353
4954,5.98651
4955,5.15564
4956,5.40093
4957,5.55258
4958,5.54573
4959,5.91463
4960,6.35436
4961,6.41227
4962,6.3705
4963,5.98703
4964,6.11072
4965,6.29472
4966,6.22473
4967,5.67314
4968,6.31685
4969,5.95876
4970,5.51912
4971,6.09333
4972,5.69345
4973,5.91959
4974,5.75896
4975,6.05406
4976,6.00289
4977,5.39653
4978,5.87212
4979,5.87175
4980,6.52634
4981,6.12091
4982,6.10603
4983,6.28172
4984,6.73314
4985,6.30401
4986,5.65538
4987,5.84974
4988,6.03944
4989,5.93787
4990,6.22647
4991,5.79942
4992,6.1317
4993,5.75078
4994,5.15498
4995,5.78141
4996,5.91327
4997,5.79083
4998,5.90772
4999,5.77967
5000,6.2308
5001,6.40064
5002,6.20933
5003,6.26533
5004,6.41443
5005,6.00301
5006,6.32723
5007,6.07893
5008,6.38329
5009,6.29356
5010,6.06112
5011,5.69118
5012,6.23418
5013,5.97696
5014,5.94559
5015,5.89388
5016,5.80562
5017,5.81084
5018,5.56793
5019,5.61133
5020,6.12507
5021,6.08728
5022,6.0784
5023,6.18158
5024,6.68691
5025,6.24961
5026,5.97124
5027,6.06899
5028,5.70865
5029,5.87081
5030,5.88563
5031,5.73852
5032,5.64962
5033,5.97573
5034,5.55651
5035,5.53705
5036,6.00096
5037,5.80412
5038,5.46872
5039,5.79568
5040,5.94393
5041,6.05775
5042,6.34704
5043,5.72305
5044,5.75967
5045,5.82274
5046,5.73975
5047,5.49444
5048,5.98725
5049,5.69679
5050,5.49052
5051,5.35425
5052,5.70298
5053,5.92692
5054,5.8655
5055,5.72079
5056,5.84005
5057,5.4029
5058,4.946
5059,5.78283
5060,6.32187
5061,6.66173
5062,5.84431
5063,6.62387
5064,6.16654
5065,6.03622
5066,6.1938
5067,6.36615
5068,5.77379
5069,5.93697
5070,6.1884
5071,6.25973
5072,6.37535
5073,5.97437
5074,5.99315
5075,5.99694
5076,5.88436
5077,5.9124
5078,5.88885
5079,5.53183
5080,5.42153
5081,5.98431
5082,5.42586
5083,5.53936
5084,5.59308
5085,5.3239
5086,5.3003
5087,5.28929
5088,5.12879
5089,5.22186
5090,5.84211
5091,5.09945
5092,5.25178
5093,5.43135
5094,5.09016
5095,4.71731
5096,5.56924
5097,5.09189
5098,5.12557
5099,5.26601
5100,6.2704
5101,6.53045
5102,6.19433
5103,6.41459
5104,6.19085
5105,6.60227
5106,6.05288
5107,6.19656
5108,5.99663
5109,6.08664
5110,5.88749
5111,6.46456
5112,5.77053
5113,5.86199
5114,5.89496
5115,5.67256
5116,5.85937
5117,5.66693
5118,5.78302
5119,5.37351
5120,5.95
5121,5.79036
5122,5.98733
5123,6.05658
5124,5.91175
5125,5.82616
5126,6.16248
5127,5.76196
5128,5.8407
5129,5.60145
5130,5.59611
5131,5.44372
5132,5.49412
5133,5.47484
5134,5.82924
5135,5.42719
5136,5.20084
5137,5.36483
5138,5.4785
5139,5.55787
5140,6.5363
5141,6.27763
5142,5.53131
5143,6.03033
5144,6.29603
5145,5.73277
5146,5.85198
5147,5.58926
5148,5.97638
5149,5.68864
5150,5.79575
5151,5.35424
5152,5.95428
5153,5.72503
5154,5.30736
5155,5.77866
5156,5.24684
5157,5.50814
5158,5.34419
5159,5.23618
5160,6.53844
5161,6.73031
5162,6.29749
5163,6.56502
5164,6.34197
5165,6.35782
5166,5.7987
5167,6.14843
5168,6.08184
5169,5.49944
5170,5.7869
5171,5.63137
5172,5.43877
5173,5.86869
5174,5.65
5175,5.79688
5176,5.77227
5177,5.62928
5178,5.78441
5179,5.60687
5180,6.1031
5181,5.71899
5182,6.30972
5183,6.26018
5184,5.9414
5185,5.86256
5186,5.79851
5187,5.3421
5188,6.21663
5189,6.22607
5190,6.08371
5191,6.05318
5192,5.51956
5193,5.92756
5194,5.87741
5195,5.82532
5196,5.5354
5197,5.90272
5198,5.577
5199,5.69501
5200,6.24313
5201,6.0575
5202,6.3378
5203,6.22725
5204,5.95175
5205,6.05832
5206,5.96784
5207,5.77246
5208,6.36847
5209,5.96831
5210,5.83712
5211,5.8396
5212,5.79229
5213,6.29926
5214,5.94788
5215,5.81523
5216,5.83215
5217,5.61209
5218,5.62311
5219,5.38541
5220,5.95161
5221,6.20876
5222,5.8932
5223,5.78197
5224,5.72772
5225,5.8218
5226,5.57842
5227,5.81337
5228,5.6627
5229,5.70829
5230,5.99074
5231,5.92588
5232,5.67337
5233,5.91764
5234,5.70679
5235,5.24286
5236,5.52852
5237,5.52589
5238,5.72939
5239,5.12314
5240,5.63648
5241,5.41013
5242,5.6371
5243,5.2519
5244,5.45396
5245,5.62127
5246,5.15566
5247,5.33788
5248,5.42205
5249,4.95015
5250,5.3521
5251,5.00456
5252,4.60321
5253,5.09218
5254,5.27669
5255,4.88464
5256,4.99443
5257,4.94758
5258,5.03285
5259,4.72793
5260,5.2758
5261,4.73246
5262,4.66149
5263,4.47106
5264,4.9691
5265,3.9357
5266,4.88956
5267,4.78222
5268,5.03149
5269,3.97722
5270,4.22219
5271,4.0802
5272,4.11769
5273,4.8409
5274,4.20469
5275,4.80178
5276,4.12634
5277,4.28248
5278,4.10701
5279,3.97679
5280,6.6769
5281,7.33532
5282,6.98602
5283,6.84095
5284,6.36307
5285,6.6447
5286,6.34708
5287,6.42722
5288,6.03252
5289,6.28655
5290,6.21305
5291,5.91283
5292,5.70683
5293,6.02897
5294,5.90653
5295,5.95351
5296,5.33383
5297,5.42912
5298,5.37325
5299,5.55784
5300,6.21054
5301,6.58717
5302,6.32258
5303,6.11777
5304,6.2856
5305,6.38243
5306,6.30779
5307,6.31912
5308,6.30302
5309,6.24468
5310,6.10973
5311,6.14687
5312,6.58885
5313,5.43551
5314,5.73888
5315,5.10204
5316,5.72333
5317,5.19777
5318,6.08988
5319,5.53732
5320,6.15372
5321,5.87586
5322,5.95675
5323,6.11291
5324,5.95155
5325,5.62695
5326,5.85577
5327,5.6884
5328,5.96632
5329,5.69222
5330,6.15592
5331,5.44967
5332,5.55942
5333,5.65428
5334,5.28515
5335,5.55154
5336,5.65503
5337,5.70218
5338,5.44209
5339,5.51199
5340,5.59352
5341,5.66986
5342,5.14618
5343,5.24483
5344,5.63118
5345,5.75757
5346,5.49929
5347,5.55493
5348,5.6134
5349,5.51573
5350,5.08841
5351,5.14992
5352,5.20766
5353,5.31449
5354,4.9394
5355,5.48505
5356,4.91431
5357,4.80824
5358,5.11806
5359,4.9901
5360,6.12317
5361,6.2844
5362,5.51206
5363,6.08752
5364,5.52425
5365,6.1629
5366,6.4963
5367,6.43359
5368,5.90032
5369,5.95167
5370,5.55313
5371,5.64663
5372,5.87289
5373,5.56691
5374,5.36562
5375,5.92826
5376,5.36788
5377,5.45191
5378,5.35628
5379,5.25755
5380,6.41494
5381,6.31437
5382,6.3626
5383,6.15843
5384,6.10958
5385,6.05016
5386,6.3875
5387,6.01644
5388,5.8882
5389,6.31383
5390,5.96499
5391,5.49697
5392,5.57638
5393,5.97268
5394,5.63586
5395,5.53036
5396,5.73075
5397,5.53144
5398,5.52697
5399,5.33486
5400,5.94216
5401,6.45702
5402,6.16396
5403,6.31401
5404,5.9205
5405,6.36878
5406,6.01749
5407,6.264
5408,5.99502
5409,5.65143
5410,5.74146
5411,5.19051
5412,6.11041
5413,5.76431
5414,5.40889
5415,5.84082
5416,5.61652
5417,5.88775
5418,5.56622
5419,5.33496
5420,6.77822
5421,6.22209
5422,6.19267
5423,6.48884
5424,6.30341
5425,6.30663
5426,6.48869
5427,6.51134
5428,6.00313
5429,6.19431
5430,6.24638
5431,5.71806
5432,5.83699
5433,6.32397
5434,6.01729
5435,5.97499
5436,5.81671
5437,5.71887
5438,5.96188
5439,5.70565
5440,5.66784
5441,5.32981
5442,5.37943
5443,5.76859
5444,5.99111
5445,5.61708
5446,5.32832
5447,5.35695
5448,4.94857
5449,4.87669
5450,5.20822
5451,5.387
5452,5.13302
5453,4.98857
5454,5.15851
5455,5.43374
5456,5.01498
5457,5.08249
5458,5.19518
5459,4.58675
5460,6.51369
5461,6.77061
5462,6.71025
5463,6.33201
5464,5.91282
5465,6.44039
5466,5.99813
5467,6.42546
5468,6.17853
5469,6.59687
5470,6.50078
5471,6.16916
5472,5.85227
5473,5.895
5474,6.18218
5475,6.17764
5476,5.94933
5477,5.7745
5478,5.71265
5479,5.85978
5480,6.3653
5481,6.32787
5482,6.09189
5483,6.21607
5484,5.97568
5485,6.18592
5486,6.21794
5487,6.14396
5488,5.70633
5489,6.10895
5490,6.02153
5491,6.21229
5492,5.8788
5493,5.9753
5494,5.95303
5495,5.566
5496,6.02521
5497,5.40926
5498,5.69852
5499,5.52736
5500,6.05994
5501,6.02108
5502,6.34671
5503,5.92875
5504,6.15154
5505,5.9274
5506,6.23943
5507,6.06282
5508,5.69807
5509,6.39349
5510,5.89692
5511,5.97349
5512,5.93881
5513,6.1123
5514,5.79597
5515,5.97802
5516,5.88078
5517,5.58312
5518,5.89108
5519,5.1849
5520,5.54815
5521,5.80786
5522,5.40066
5523,5.48138
5524,5.79806
5525,5.55256
5526,5.46357
5527,5.26054
5528,5.25356
5529,5.22853
5530,5.06869
5531,5.31202
5532,4.78572
5533,5.15027
5534,5.11274
5535,5.2023
5536,4.70097
5537,4.95862
5538,4.95042
5539,4.79367
5540,6.27568
5541,6.21515
5542,6.42249
5543,6.10866
5544,5.79489
5545,6.19641
5546,6.10523
5547,6.1956
5548,6.14469
5549,5.35693
5550,6.03817
5551,5.4572
5552,5.7409
5553,5.59343
5554,5.10936
5555,5.25908
5556,5.57429
5557,5.26232
5558,4.90789
5559,5.31918
5560,6.1703
5561,6.45163
5562,6.00002
5563,6.23944
5564,6.35323
5565,5.77212
5566,6.1744
5567,6.10915
5568,5.95864
5569,5.85409
5570,5.53193
5571,6.29541
5572,5.91059
5573,5.93217
5574,5.62248
5575,5.98933
5576,5.86445
5577,5.71321
5578,5.53648
5579,5.55755
5580,5.98452
5581,6.43758
5582,6.17565
5583,6.21373
5584,6.29847
5585,5.97623
5586,6.17674
5587,6.21296
5588,5.89416
5589,6.14488
5590,6.24061
5591,5.99201
5592,5.94445
5593,6.14627
5594,5.78347
5595,5.72413
5596,5.72108
5597,5.66327
5598,5.6158
5599,5.46983
5600,6.18152
5601,6.42403
5602,6.09432
5603,6.23875
5604,6.28367
5605,6.17397
5606,6.03343
5607,6.0956
5608,6.09374
5609,5.90196
5610,5.71117
5611,5.64979
5612,5.56764
5613,5.52713
5614,5.77987
5615,6.0508
5616,5.98174
5617,5.75864
5618,5.5954
5619,6.17503
5620,5.86968
5621,5.35357
5622,5.96194
5623,5.42932
5624,5.41077
5625,4.82662
5626,5.00952
5627,5.18297
5628,5.27956
5629,5.30479
5630,5.07328
5631,4.69112
5632,4.86847
5633,4.98855
5634,4.87172
5635,4.5984
5636,4.77106
5637,4.71396
5638,4.98691
5639,4.97913
5640,6.23921
5641,6.36324
5642,6.19878
5643,6.44049
5644,6.15142
5645,6.00281
5646,6.36706
5647,6.26169
5648,6.03441
5649,6.07327
5650,5.27955
5651,5.50174
5652,5.72583
5653,5.60413
5654,5.32712
5655,5.62894
5656,5.79329
5657,5.83859
5658,5.9865
5659,5.59659
5660,6.28896
5661,6.32971
5662,6.21193
5663,6.1974
5664,5.79488
5665,5.68529
5666,6.07031
5667,6.01784
5668,5.93614
5669,5.91841
5670,6.03056
5671,5.88251
5672,5.58101
5673,5.45729
5674,5.93782
5675,5.56363
5676,5.51603
5677,5.97496
5678,5.95458
5679,5.32885
5680,6.53463
5681,6.00904
5682,6.39096
5683,5.73548
5684,6.23078
5685,6.4763
5686,6.06845
5687,5.75131
5688,5.77418
5689,5.47533
5690,6.09032
5691,5.67542
5692,6.00684
5693,5.54079
5694,5.60116
5695,5.58499
5696,5.58361
5697,5.44101
5698,5.55029
5699,5.66116
5700,6.18548
5701,6.662
5702,6.33948
5703,6.4645
5704,6.02959
5705,5.86342
5706,5.90811
5707,6.12066
5708,6.0217
5709,5.99784
5710,6.1762
5711,5.80924
5712,5.80473
5713,6.00804
5714,5.76474
5715,5.68873
5716,5.42412
5717,5.81192
5718,5.50214
5719,5.74427
5720,6.21749
5721,6.48888
5722,6.24313
5723,6.10615
5724,5.90123
5725,6.18935
5726,6.09665
5727,5.83911
5728,5.83858
5729,6.06562
5730,5.87803
5731,5.99823
5732,5.84759
5733,5.79942
5734,5.50996
5735,5.79378
5736,5.80417
5737,5.89858
5738,5.44211
5739,5.40426
5740,6.11791
5741,5.70519
5742,5.8265
5743,6.67177
5744,6.31827
5745,6.43112
5746,6.22333
5747,6.33762
5748,6.4327
5749,5.99282
5750,5.48926
5751,6.24288
5752,5.81632
5753,6.06502
5754,5.78455
5755,5.68416
5756,5.69887
5757,5.66413
5758,5.82143
5759,5.87974
5760,6.36544
5761,6.18056
5762,6.09452
5763,6.06415
5764,6.26948
5765,6.14374
5766,6.10509
5767,6.15206
5768,5.61341
5769,6.08677
5770,5.96725
5771,5.27098
5772,5.75266
5773,6.0601
5774,5.6907
5775,5.55648
5776,5.63867
5777,5.88839
5778,5.79564
5779,5.48581
5780,6.40892
5781,6.44402
5782,6.0302
5783,6.53196
5784,6.3283
5785,6.2324
5786,6.06834
5787,5.94521
5788,6.11109
5789,6.00052
5790,5.67031
5791,5.86168
5792,5.49373
5793,5.82587
5794,5.71731
5795,5.97333
5796,5.37351
5797,5.71708
5798,5.71058
5799,5.01828
5800,6.33442
5801,6.4343
5802,6.55614
5803,6.2886
5804,6.16804
5805,6.15273
5806,6.731
5807,5.89976
5808,5.60734
5809,5.8855
5810,5.94162
5811,5.91061
5812,5.70006
5813,6.0811
5814,5.29222
5815,5.9041
5816,5.81156
5817,5.85721
5818,5.89984
5819,5.7297
5820,6.15771
5821,6.09541
5822,6.02399
5823,6.34054
5824,5.9447
5825,5.89794
5826,5.9299
5827,6.01746
5828,5.91339
5829,5.95024
5830,5.6312
5831,5.685
5832,5.74318
5833,5.42043
5834,5.74039
5835,5.5346
5836,5.77784
5837,5.38217
5838,5.9839
5839,5.26117
5840,6.03278
5841,5.99067
5842,6.09376
5843,6.33152
5844,5.77073
5845,6.02866
5846,5.65475
5847,6.09528
5848,5.98112
5849,5.97962
5850,5.61219
5851,5.79233
5852,5.87446
5853,5.87132
5854,5.19171
5855,5.40137
5856,5.75024
5857,5.44402
5858,5.39318
5859,5.45666
5860,6.12065
5861,5.63139
5862,5.52063
5863,5.54045
5864,5.80719
5865,5.68221
5866,5.86602
5867,5.76843
5868,5.69841
5869,5.91496
5870,5.405
5871,5.79388
5872,5.32432
5873,5.44187
5874,5.60032
5875,5.59333
5876,5.31725
5877,4.95537
5878,5.19479
5879,4.94505
5880,5.88006
5881,6.12213
5882,6.10662
5883,5.949
5884,6.43864
5885,5.7609
5886,5.89387
5887,5.42541
5888,5.6612
5889,6.08179
5890,5.58999
5891,5.87233
5892,5.63752
5893,5.92482
5894,5.58958
5895,5.72125
5896,5.32957
5897,4.6367
5898,5.92109
5899,5.64758
5900,6.00714
5901,6.18398
5902,5.71464
5903,6.03506
5904,6.11729
5905,5.82371
5906,5.89729
5907,5.87435
5908,5.82847
5909,6.04338
5910,5.65332
5911,5.86842
5912,5.87446
5913,5.63439
5914,5.70374
5915,5.38713
5916,5.75895
5917,6.03733
5918,5.43046
5919,6.04583
5920,6.39584
5921,6.39176
5922,6.52846
5923,5.93099
5924,6.08013
5925,6.27496
5926,5.76091
5927,5.74326
5928,5.99679
5929,5.81448
5930,5.97585
5931,5.90545
5932,5.62849
5933,5.37764
5934,5.44275
5935,5.3188
5936,5.80088
5937,5.75566
5938,5.67448
5939,5.80564
5940,6.33
5941,6.06554
5942,5.96761
5943,5.80913
5944,5.88128
5945,5.99255
5946,6.04679
5947,6.01154
5948,5.53523
5949,6.01009
5950,5.78893
5951,5.57053
5952,5.82269
5953,5.88598
5954,5.57315
5955,6.02465
5956,5.47566
5957,5.45404
5958,5.40965
5959,5.44395
5960,6.29501
5961,5.53116
5962,6.00798
5963,6.21986
5964,5.84389
5965,6.02757
5966,5.6624
5967,5.89952
5968,5.80543
5969,5.62399
5970,5.99902
5971,5.84383
5972,5.81875
5973,5.62246
5974,5.66282
5975,5.20248
5976,5.17508
5977,5.5582
5978,5.70796
5979,5.37025
5980,5.91946
5981,5.67369
5982,6.00238
5983,6.58969
5984,5.91687
5985,5.89867
5986,5.72172
5987,5.6877
5988,5.08604
5989,5.57871
5990,5.97139
5991,5.94747
5992,5.98189
5993,6.00876
5994,6.17223
5995,5.37841
5996,5.29377
5997,5.60891
5998,6.06732
5999,5.30787
6000,5.64415
6001,5.4383
6002,5.85381
6003,5.40967
6004,5.68802
6005,5.67238
6006,5.16547
6007,5.69528
6008,5.40073
6009,5.70568
6010,5.37328
6011,5.59269
6012,5.38226
6013,5.29802
6014,5.01098
6015,5.06827
6016,4.99628
6017,4.87885
6018,4.77353
6019,5.02361
6020,6.2787
6021,6.18926
6022,6.47319
6023,6.4559
6024,6.04317
6025,6.3616
6026,6.1023
6027,6.2319
6028,6.3532
6029,5.73419
6030,5.86327
6031,5.65809
6032,5.86104
6033,5.67121
6034,5.69975
6035,5.07036
6036,5.33994
6037,5.52864
6038,4.97494
6039,5.83064
6040,5.80508
6041,5.60131
6042,5.88406
6043,5.41388
6044,5.97225
6045,6.22329
6046,6.19595
6047,5.46405
6048,5.82812
6049,5.70647
6050,5.84753
6051,5.58716
6052,5.23047
6053,5.46732
6054,5.44618
6055,5.25507
6056,5.13603
6057,5.59014
6058,5.84822
6059,5.01627
6060,5.94452
6061,5.91438
6062,6.23998
6063,5.6428
6064,6.20047
6065,5.69661
6066,5.65225
6067,5.83382
6068,5.8556
6069,5.5915
6070,6.49988
6071,5.93118
6072,5.71779
6073,5.97686
6074,5.67669
6075,5.40394
6076,5.64345
6077,5.58072
6078,5.72537
6079,5.58832
6080,6.16106
6081,6.11857
6082,5.92281
6083,5.91498
6084,5.94701
6085,5.69007
6086,6.04178
6087,6.42035
6088,5.8361
6089,6.03998
6090,5.44891
6091,5.769
6092,5.78799
6093,6.10631
6094,5.40026
6095,5.49961
6096,5.79402
6097,5.40125
6098,5.63994
6099,5.14321
6100,6.44145
6101,6.30775
6102,6.10106
6103,6.39137
6104,6.26064
6105,5.96374
6106,6.13654
6107,6.24418
6108,6.15179
6109,5.89855
6110,5.92534
6111,6.25019
6112,5.94024
6113,6.10172
6114,5.70807
6115,5.84879
6116,5.73339
6117,5.43063
6118,5.53318
6119,5.57248
6120,6.28456
6121,6.29275
6122,6.1229
6123,6.01801
6124,6.26033
6125,5.98599
6126,5.91684
6127,5.78655
6128,5.82665
6129,5.44831
6130,5.5453
6131,6.17992
6132,6.01417
6133,5.96792
6134,5.51397
6135,5.58738
6136,5.59844
6137,5.5995
6138,5.52808
6139,5.56069
6140,6.12812
6141,6.52761
6142,6.01989
6143,6.25742
6144,5.74806
6145,6.02747
6146,6.13212
6147,6.25097
6148,5.94898
6149,6.19858
6150,5.90298
6151,6.04558
6152,5.97098
6153,5.62011
6154,5.59803
6155,5.58837
6156,5.59182
6157,5.68612
6158,5.46795
6159,5.44951
6160,6.02729
6161,5.94202
6162,6.00886
6163,6.25875
6164,5.48354
6165,5.67559
6166,6.08332
6167,5.84906
6168,5.91571
6169,6.2278
6170,5.76472
6171,5.95602
6172,5.78342
6173,5.62692
6174,5.33188
6175,5.84828
6176,5.75631
6177,5.48292
6178,5.89017
6179,5.04426
6180,6.26415
6181,5.90671
6182,6.29605
6183,5.78759
6184,5.92473
6185,5.84479
6186,5.82762
6187,6.15239
6188,5.72381
6189,5.65294
6190,5.29972
6191,5.58134
6192,5.41169
6193,5.55199
6194,5.57907
6195,5.87569
6196,5.37046
6197,4.94491
6198,5.5043
6199,5.40277
6200,6.03531
6201,5.74768
6202,5.48432
6203,5.99074
6204,6.0015
6205,5.47759
6206,5.95949
6207,5.9361
6208,5.72882
6209,5.82555
6210,5.60392
6211,5.19241
6212,5.69689
6213,5.61994
6214,5.2881
6215,5.1202
6216,5.41323
6217,5.44178
6218,5.66033
6219,5.30968
6220,6.12137
6221,5.60196
6222,5.7722
6223,5.93949
6224,6.24313
6225,5.63197
6226,6.28802
6227,5.81343
6228,5.69121
6229,6.1567
6230,5.63477
6231,5.98403
6232,5.58725
6233,5.47604
6234,5.49701
6235,5.77734
6236,5.45504
6237,5.64028
6238,5.30703
6239,5.14038
6240,6.00716
6241,5.47175
6242,6.30213
6243,6.09005
6244,5.7227
6245,5.7946
6246,5.74681
6247,5.6576
6248,5.91614
6249,5.4579
6250,5.53988
6251,5.70559
6252,5.96935
6253,5.48511
6254,5.68496
6255,5.6583
6256,5.45479
6257,5.48108
6258,5.40629
6259,5.48109
6260,5.72698
6261,6.16338
6262,6.08108
6263,6.40715
6264,5.83933
6265,5.82744
6266,6.35112
6267,6.12779
6268,5.84272
6269,6.01169
6270,5.89981
6271,5.78036
6272,5.76959
6273,5.88536
6274,5.26009
6275,5.99308
6276,5.28926
6277,5.28019
6278,5.1068
6279,5.30396
6280,6.21688
6281,5.95567
6282,6.55904
6283,5.84655
6284,6.18288
6285,6.21783
6286,6.154
6287,6.16231
6288,6.17066
6289,5.77868
6290,5.59218
6291,5.73974
6292,6.01638
6293,5.94569
6294,5.89145
6295,5.59507
6296,5.55636
6297,5.6793
6298,5.42976
6299,5.40897
6300,5.92806
6301,6.05152
6302,5.94045
6303,5.91589
6304,5.97025
6305,6.10506
6306,5.58489
6307,5.76967
6308,5.78967
6309,5.82746
6310,5.44031
6311,5.62094
6312,5.94668
6313,5.58765
6314,5.61415
6315,5.66426
6316,5.73811
6317,5.36516
6318,5.17671
6319,5.66495
6320,6.46307
6321,5.81345
6322,5.78385
6323,5.82282
6324,6.47877
6325,5.81487
6326,5.93249
6327,5.68657
6328,5.75378
6329,6.00987
6330,5.83449
6331,6.07447
6332,5.86051
6333,5.59009
6334,5.39072
6335,5.87335
6336,5.48853
6337,5.37913
6338,5.62382
6339,5.38371
6340,4.76854
6341,5.35861
6342,5.53989
6343,5.46216
6344,5.07985
6345,4.85291
6346,5.25059
6347,4.93316
6348,4.89087
6349,5.12902
6350,4.91071
6351,5.34455
6352,4.4432
6353,4.39484
6354,4.95535
6355,4.59629
6356,4.54051
6357,4.50817
6358,4.8322
6359,4.50493
6360,6.02758
6361,6.0206
6362,5.74168
6363,6.61545
6364,5.88887
6365,5.84714
6366,5.94226
6367,5.92885
6368,6.08925
6369,6.1075
6370,5.91287
6371,5.75138
6372,5.81694
6373,5.44471
6374,5.63783
6375,5.51044
6376,5.30075
6377,5.34136
6378,5.56383
6379,5.39773
6380,6.32671
6381,6.20085
6382,6.0775
6383,6.27545
6384,6.02556
6385,6.00599
6386,6.29579
6387,6.02786
6388,5.80937
6389,5.86309
6390,5.97185
6391,5.80557
6392,6.17499
6393,6.08858
6394,5.78235
6395,5.4213
6396,5.81302
6397,5.80988
6398,5.40296
6399,5.28551
6400,6.22502
6401,6.12245
6402,6.71538
6403,5.98385
6404,5.76802
6405,6.0064
6406,5.8034
6407,5.27904
6408,5.89627
6409,6.05779
6410,6.02621
6411,5.55265
6412,5.74402
6413,5.96241
6414,5.85591
6415,5.65868
6416,5.6482
6417,5.26573
6418,5.39211
6419,5.28547
6420,6.16238
6421,5.92637
6422,5.76339
6423,5.8204
6424,5.29609
6425,5.76224
6426,5.81806
6427,5.64806
6428,5.86603
6429,6.14733
6430,5.41423
6431,5.56199
6432,5.72451
6433,5.8868
6434,5.18484
6435,5.6152
6436,5.80521
6437,5.62316
6438,5.24051
6439,5.43835
6440,6.03678
6441,6.11325
6442,6.15561
6443,6.22724
6444,5.78647
6445,5.73431
6446,5.86747
6447,5.84722
6448,5.95164
6449,5.86363
6450,5.47147
6451,5.84744
6452,5.63305
6453,5.50238
6454,5.31125
6455,5.45198
6456,5.54361
6457,5.47245
6458,5.48412
6459,5.35963
6460,5.70913
6461,6.07053
6462,6.07119
6463,5.83153
6464,6.40841
6465,5.72519
6466,5.77774
6467,5.72199
6468,5.61181
6469,5.4215
6470,5.697
6471,5.5862
6472,5.52224
6473,5.6149
6474,5.4861
6475,5.36232
6476,5.59784
6477,5.47258
6478,5.43969
6479,5.37003
6480,6.06473
6481,6.17397
6482,5.75667
6483,6.07454
6484,6.38389
6485,6.22233
6486,5.90753
6487,5.8822
6488,5.90385
6489,5.74936
6490,5.59891
6491,6.02644
6492,5.63691
6493,5.41091
6494,5.88135
6495,6.03635
6496,5.61211
6497,5.45255
6498,5.44227
6499,5.23491
6500,5.60338
6501,5.62598
6502,5.47402
6503,5.87701
6504,5.67522
6505,5.30934
6506,5.6491
6507,5.47875
6508,5.63861
6509,5.58549
6510,5.40942
6511,5.44891
6512,5.41568
6513,5.64573
6514,5.49125
6515,5.37961
6516,5.52462
6517,5.58429
6518,5.24782
6519,5.59721
6520,5.95253
6521,6.04919
6522,6.28791
6523,5.76835
6524,6.12222
6525,6.28266
6526,5.5976
6527,6.16252
6528,5.63634
6529,6.03362
6530,5.93984
6531,5.81953
6532,5.67689
6533,5.6476
6534,5.70469
6535,5.30277
6536,5.8191
6537,4.83981
6538,5.58768
6539,5.75115
6540,5.09854
6541,5.07846
6542,5.00145
6543,4.76466
6544,5.00906
6545,4.95499
6546,4.45775
6547,4.68765
6548,4.4874
6549,5.15197
6550,4.61882
6551,4.19877
6552,4.58784
6553,4.22527
6554,4.31141
6555,4.80692
6556,4.22085
6557,4.38905
6558,4.71756
6559,4.64177
6560,6.03091
6561,6.46784
6562,6.34178
6563,6.27198
6564,6.75185
6565,5.93623
6566,6.41992
6567,6.10401
6568,5.86315
6569,5.85124
6570,6.02801
6571,5.76023
6572,5.7836
6573,5.27022
6574,5.87289
6575,5.1809
6576,5.71496
6577,5.45146
6578,5.23259
6579,5.7109
6580,6.05795
6581,5.786
6582,6.34564
6583,5.9277
6584,5.77818
6585,6.0384
6586,5.60677
6587,5.68717
6588,5.55217
6589,5.46869
6590,5.68599
6591,5.36904
6592,5.78649
6593,5.50075
6594,5.33847
6595,5.38438
6596,5.1914
6597,5.14122
6598,5.20128
6599,5.13717
6600,6.24434
6601,5.93293
6602,6.56643
6603,5.90973
6604,5.81696
6605,6.17149
6606,5.85925
6607,5.58039
6608,5.47857
6609,5.50992
6610,5.84627
6611,5.29079
6612,5.45064
6613,5.93478
6614,5.94556
6615,5.60849
6616,5.26287
6617,5.55439
6618,4.96122
6619,5.31947
6620,5.90324
6621,6.05226
6622,5.6378
6623,6.03885
6624,6.41965
6625,5.7281
6626,5.66965
6627,5.98487
6628,5.9143
6629,5.70334
6630,5.49421
6631,5.68291
6632,5.7217
6633,5.58757
6634,5.68505
6635,5.47797
6636,5.4239
6637,5.49609
6638,4.9595
6639,5.09969
6640,6.02145
6641,5.87507
6642,5.99495
6643,6.34468
6644,5.95092
6645,6.06899
6646,5.3833
6647,6.08947
6648,5.93384
6649,5.96986
6650,5.96691
6651,5.69909
6652,5.83055
6653,5.39847
6654,5.58522
6655,5.47956
6656,5.51128
6657,5.14705
6658,5.69448
6659,5.5083
6660,5.58246
6661,5.80438
6662,5.43486
6663,6.07519
6664,6.07423
6665,6.30864
6666,5.6441
6667,5.49863
6668,6.25536
6669,6.12951
6670,5.92677
6671,5.56315
6672,5.68128
6673,5.69858
6674,5.46671
6675,5.694
6676,5.35979
6677,5.28744
6678,5.49664
6679,5.37847
6680,5.35587
6681,5.31621
6682,5.14241
6683,5.11876
6684,5.45005
6685,5.23614
6686,5.54297
6687,5.36498
6688,5.48714
6689,4.8473
6690,4.75643
6691,4.66208
6692,4.86599
6693,4.64193
6694,5.01742
6695,5.20522
6696,4.67515
6697,4.52037
6698,4.89425
6699,4.69781
6700,6.37065
6701,6.42832
6702,5.95607
6703,6.33397
6704,6.14538
6705,5.96595
6706,5.69277
6707,5.75412
6708,5.95122
6709,5.84491
6710,5.58727
6711,5.55323
6712,5.49752
6713,5.57513
6714,5.8182
6715,5.72036
6716,5.50071
6717,5.79675
6718,5.41756
6719,5.1293
6720,6.14584
6721,6.20847
6722,6.53199
6723,5.96411
6724,6.06979
6725,6.01964
6726,5.84194
6727,6.20217
6728,6.11121
6729,5.72471
6730,5.83682
6731,5.97457
6732,5.47422
6733,5.46084
6734,5.97372
6735,5.47025
6736,5.70908
6737,5.36984
6738,5.2212
6739,5.58298
6740,6.04265
6741,5.55212
6742,5.81546
6743,5.97313
6744,5.72904
6745,6.05852
6746,5.79947
6747,5.60011
6748,6.18743
6749,5.24453
6750,5.56125
6751,5.3006
6752,5.47053
6753,5.55899
6754,5.48984
6755,5.12833
6756,5.15213
6757,5.24004
6758,5.24484
6759,5.12826
6760,6.19205
6761,6.13326
6762,6.05017
6763,6.25009
6764,6.07923
6765,5.95428
6766,5.75994
6767,6.46017
6768,6.41903
6769,5.34643
6770,5.77669
6771,6.08764
6772,6.04399
6773,5.79646
6774,5.6184
6775,5.69626
6776,5.72409
6777,5.02907
6778,5.53193
6779,5.35339
6780,6.01563
6781,6.17523
6782,6.12621
6783,6.44364
6784,5.91407
6785,6.274
6786,5.68347
6787,5.84962
6788,5.88359
6789,6.11934
6790,5.89036
6791,5.56217
6792,6.02856
6793,5.73528
6794,5.85006
6795,5.85504
6796,5.45963
6797,5.46781
6798,5.37351
6799,5.77155
6800,6.22455
6801,6.23919
6802,6.13118
6803,5.94215
6804,5.71053
6805,6.3409
6806,6.33886
6807,5.68894
6808,6.10376
6809,5.99325
6810,6.10875
6811,5.61676
6812,5.74621
6813,5.36537
6814,5.88022
6815,5.38659
6816,5.79572
6817,5.08969
6818,5.22951
6819,5.48356
6820,5.82311
6821,5.86198
6822,5.82433
6823,5.42903
6824,5.5084
6825,6.33762
6826,5.34753
6827,5.69228
6828,5.47977
6829,5.97631
6830,5.43263
6831,5.13463
6832,5.39848
6833,5.47362
6834,5.57184
6835,5.52359
6836,5.34157
6837,5.16666
6838,5.78272
6839,4.86192
6840,6.23234
6841,5.83466
6842,6.20793
6843,5.99743
6844,6.18576
6845,6.02942
6846,5.85976
6847,5.99243
6848,5.94845
6849,6.04154
6850,5.93288
6851,5.83501
6852,5.94466
6853,5.6292
6854,5.82176
6855,5.33721
6856,4.85291
6857,5.13452
6858,5.36148
6859,5.75741
6860,6.106
6861,6.44292
6862,6.07449
6863,6.35523
6864,6.26115
6865,5.37311
6866,6.04993
6867,5.91324
6868,6.23923
6869,5.77421
6870,5.97862
6871,5.49428
6872,5.84621
6873,5.2699
6874,5.61486
6875,5.19441
6876,5.26497
6877,4.90072
6878,5.59892
6879,5.60266
6880,5.82697
6881,6.24105
6882,6.10452
6883,5.89853
6884,5.98782
6885,6.13723
6886,5.81044
6887,5.97926
6888,6.13396
6889,5.92196
6890,5.62944
6891,5.67772
6892,5.4548
6893,6.02223
6894,5.28389
6895,5.6832
6896,5.36915
6897,5.35762
6898,5.34236
6899,5.57168
6900,6.05978
6901,6.33358
6902,6.18747
6903,5.50517
6904,5.91307
6905,6.32482
6906,5.68172
6907,5.75673
6908,5.85381
6909,5.8429
6910,5.83571
6911,5.27838
6912,5.67708
6913,5.89702
6914,5.15079
6915,5.75091
6916,5.42977
6917,5.31419
6918,5.41169
6919,5.15387
6920,5.41946
6921,5.77223
6922,5.50933
6923,5.45556
6924,5.37704
6925,5.88001
6926,5.1918
6927,5.56357
6928,5.21127
6929,4.93083
6930,5.02966
6931,5.39217
6932,5.43123
6933,5.07794
6934,5.16917
6935,4.95809
6936,4.74266
6937,4.7408
6938,4.9215
6939,5.01076
6940,6.11351
6941,6.00939
6942,6.16238
6943,6.46475
6944,6.21432
6945,5.99217
6946,6.10758
6947,5.92884
6948,5.77011
6949,5.73326
6950,5.8561
6951,5.49221
6952,5.79344
6953,5.88488
6954,5.53667
6955,5.69703
6956,5.09141
6957,5.38534
6958,5.54358
6959,4.95883
6960,5.85065
6961,6.17382
6962,5.86572
6963,6.28985
6964,5.90617
6965,6.1346
6966,6.0286
6967,5.8943
6968,5.99685
6969,5.59472
6970,5.762
6971,5.96302
6972,5.99453
6973,5.57243
6974,5.60768
6975,5.69
6976,5.18688
6977,5.67062
6978,5.29283
6979,5.13672
6980,5.82275
6981,5.85535
6982,5.63117
6983,6.0348
6984,5.97901
6985,5.82978
6986,6.07365
6987,5.9503
6988,5.70922
6989,6.00694
6990,4.96138
6991,5.79021
6992,5.73207
6993,5.50409
6994,5.64678
6995,5.53323
6996,4.88755
6997,5.16085
6998,5.74298
6999,5.07999
7000,6.02039
7001,6.1857
7002,5.86175
7003,5.87081
7004,6.25188
7005,6.00597
7006,5.42559
7007,5.7295
7008,5.69627
7009,5.42612
7010,5.84574
7011,5.58244
7012,5.67191
7013,5.73743
7014,5.60914
7015,5.72978
7016,5.44752
7017,5.1364
7018,5.37624
7019,5.34119
7020,5.38101
7021,5.16397
7022,5.27632
7023,5.03898
7024,5.46756
7025,4.85248
7026,4.83767
7027,5.07878
7028,5.32528
7029,4.62303
7030,5.06371
7031,5.03942
7032,4.55153
7033,4.62637
7034,4.7687
7035,4.5548
7036,5.02267
7037,4.48376
7038,4.63464
7039,4.5037
7040,6.14754
7041,6.43299
7042,6.23723
7043,5.97592
7044,6.07739
7045,5.97616
7046,6.16719
7047,5.82957
7048,5.84667
7049,5.94427
7050,6.18392
7051,5.69143
7052,5.56628
7053,5.74305
7054,5.6209
7055,5.36788
7056,5.76307
7057,5.38208
7058,5.52611
7059,5.27268
7060,6.39061
7061,6.05496
7062,5.75058
7063,5.58719
7064,5.95247
7065,5.67292
7066,5.77931
7067,6.59152
7068,5.44321
7069,5.72942
7070,5.94771
7071,5.86816
7072,5.58628
7073,5.65517
7074,5.77026
7075,5.34495
7076,5.87389
7077,6.055