iteration, train_loss, cv_loss, train_accuracy, cv_accuracy
0,2.29847232103,2.29902479649,0.0994999976829,0.104999995977
50,2.169500494,2.16694719791,0.197499990836,0.2179999955
100,1.96529461145,1.95484104156,0.232499992102,0.256499994546
150,1.90588926077,1.89307758808,0.234499991685,0.24699998945
200,1.75906693935,1.80026387572,0.305499987304,0.280499990284
250,1.71815830469,1.7124681592,0.331499986351,0.333999982476
300,1.68611497879,1.71003011465,0.346999991685,0.341999992728
350,1.64061684608,1.68585650325,0.342499989271,0.328499992937
400,1.61472105384,1.60363794565,0.382499989867,0.384499980509
450,1.59012605548,1.56639174223,0.390499983728,0.408499987423
500,1.5179920435,1.53161670566,0.40799998939,0.384999990463
550,1.48671711087,1.49982107282,0.452499993145,0.430499991775
600,1.41642525792,1.47656490207,0.460999986529,0.438499990106
650,1.41724107862,1.40830096602,0.462499982119,0.47049998641
700,1.35171145201,1.38020629883,0.483499988914,0.474499982595
750,1.33145289421,1.38425047994,0.516499972343,0.478999973834
800,1.32321043015,1.31541030407,0.500499975681,0.5064999789
850,1.27779777646,1.27970389128,0.535499985516,0.536999982595
900,1.29245380759,1.27462618351,0.536499966681,0.531999965012
950,1.24721412659,1.27019594908,0.540499980748,0.534999969602
1000,1.30517070293,1.23972710967,0.52999998033,0.536499969661
1050,1.22078300714,1.20356730819,0.551499965787,0.549999976158
1100,1.16864315569,1.21592717171,0.591499972343,0.558999973536
1150,1.18165649474,1.21161201596,0.584999975562,0.562999972701
1200,1.16982263327,1.18025408983,0.572999981046,0.56749997437
1250,1.1730322063,1.14590855241,0.582499963045,0.568999961019
1300,1.12984348238,1.17953545451,0.587499974668,0.565499961376
1350,1.15475567579,1.19936190248,0.569499966502,0.563499969244
1400,1.10919359326,1.11471163332,0.598999968171,0.585999968648
1450,1.06198262572,1.13009751737,0.608499968052,0.593499979377
1500,1.04627156258,1.1223189652,0.611499983072,0.609499970078
1550,1.10308697522,1.07750628591,0.600999969244,0.607999974489
1600,1.05763694942,1.09741246402,0.613999977708,0.588999976218
1650,1.07300078273,1.0682007581,0.608999976516,0.616999971867
1700,1.02473723888,1.06016768813,0.62999996841,0.605499973893
1750,1.05168005228,1.05601957738,0.602499964833,0.613499969244
1800,1.06417173743,1.01707154214,0.627999976277,0.631999981403
1850,1.03227422535,1.03960376382,0.636499974132,0.62049998343
1900,0.940500691533,0.981718224287,0.65499997437,0.632499966025
1950,0.951278245449,1.0192197293,0.655999964476,0.628999975324
2000,0.945423346758,1.0254684031,0.662499964237,0.62849996686
2050,0.968298751116,0.963208842278,0.659499976039,0.644999974966
2100,0.936632141471,0.974601894617,0.660999965668,0.626499985158
2150,0.935788288713,0.995418924093,0.665999981761,0.629499965906
2200,0.924157992005,0.937611687183,0.663999980688,0.655999973416
2250,0.914125227928,1.00900439918,0.676999971271,0.631499972939
2300,0.899827170372,0.973247924447,0.682499974966,0.660999968648
2350,0.973552429676,0.969652739167,0.644999969006,0.644999974966
2400,0.901325768232,0.907262417674,0.667999964952,0.679499974847
2450,0.867910629511,0.932175114751,0.688499963284,0.650999969244
2500,0.898123317957,0.916150388122,0.681499961019,0.663499984145
2550,0.865413761139,0.896649056673,0.680999964476,0.689999982715
2600,0.863851162791,0.883354783058,0.695499971509,0.677499979734
2650,0.900761821866,0.894983196259,0.677499964833,0.683999955654
2700,0.906803691387,0.938034361601,0.674999964237,0.663999980688
2750,0.867509821057,0.909647524357,0.688999980688,0.659499949217
2800,0.812931209803,0.886110576987,0.710999962687,0.674999973178
2850,0.857483005524,0.887436547875,0.703999984264,0.687999975681
2900,0.825698032975,0.862327489257,0.694999974966,0.680999973416
2950,0.822019007802,0.860966238379,0.705999973416,0.68799996376
3000,0.855578696728,0.933843174577,0.690499961376,0.66449996531
3050,0.786592793465,0.871380928159,0.719999974966,0.683499971032
3100,0.773124080896,0.834359756112,0.720999968052,0.711499974132
3150,0.816101917624,0.899563455582,0.701499980688,0.676499971747
3200,0.823949444294,0.835441932082,0.699499979615,0.699999979138
3250,0.778758943081,0.824790400267,0.713999971747,0.696499976516
3300,0.795179063082,0.893698996305,0.716499966383,0.679499959946
3350,0.81335606873,0.871260097623,0.713499972224,0.688999980688
3400,0.737159004807,0.818094065785,0.743999972939,0.709499973059
3450,0.765097677708,0.825938615203,0.722999989986,0.697999960184
3500,0.784819105268,0.869908949733,0.723499977589,0.685499960184
3550,0.760044780374,0.838935378194,0.728499987721,0.699999970198
3600,0.764627864957,0.783946380019,0.722499981523,0.722999978065
3650,0.763996374607,0.813179787993,0.721999973059,0.708499982953
3700,0.720812919736,0.794506710768,0.738499975204,0.712999981642
3750,0.708447900414,0.813806089759,0.751999986172,0.710999977589
3800,0.752504587173,0.811931183934,0.714999958873,0.716999971867
3850,0.687316070497,0.784989899397,0.759499976039,0.713499978185
3900,0.736373052001,0.799466949701,0.733999973536,0.712499976158
3950,0.703691628575,0.744076690078,0.756499987841,0.739999976754
4000,0.752526324987,0.786211892962,0.748999983072,0.717499983311
4050,0.681295201182,0.802980619669,0.757499983907,0.715999975801
4100,0.675451043248,0.773749044538,0.766999974847,0.723499974608
4150,0.700103384256,0.845948335528,0.75499997735,0.700999960303
4200,0.662097972631,0.734979829192,0.763999980688,0.74249997735
4250,0.664594882727,0.738971877098,0.765499982238,0.736499977112
4300,0.687977544963,0.742218381166,0.748499974608,0.734999990463
4350,0.682944628596,0.717750310898,0.766499987245,0.741999974847
4400,0.667057995498,0.733763644099,0.768999972939,0.744499972463
4450,0.693152922392,0.778790175915,0.76749996841,0.722499981523
4500,0.666222539544,0.740085497499,0.765999981761,0.736999982595
4550,0.701780948043,0.755579257011,0.760999974608,0.729999986291
4600,0.686843758821,0.780454036593,0.75499998033,0.732499971986
4650,0.612574470043,0.766679477692,0.782499986887,0.729499968886
4700,0.662137156725,0.703125661612,0.774999967217,0.756999990344
4750,0.662126988173,0.735980224609,0.767999982834,0.739499989152
4800,0.551921841502,0.720820462704,0.80349997282,0.731499972939
4850,0.639370916784,0.712357929349,0.780999982357,0.750999969244
4900,0.637111449242,0.712696161866,0.76749998033,0.745999979973
4950,0.609832122922,0.723064106703,0.784499967098,0.744499981403
5000,0.610071130097,0.739211991429,0.7939999789,0.755499988794
5050,0.616503155231,0.664715903997,0.775499966741,0.766999959946
5100,0.599446965754,0.721310314536,0.791499987245,0.747499966621
5150,0.607545930147,0.746554464102,0.785999983549,0.736499974132
5200,0.580948105454,0.701620492339,0.79699998498,0.758999967575
5250,0.595794503391,0.709878391027,0.790499979258,0.75799998641
5300,0.625420032442,0.751274386048,0.772999975085,0.746999981999
5350,0.601273915172,0.716693428159,0.789499989152,0.75499997437
5400,0.596525938809,0.701519727707,0.788999983668,0.751999983191
5450,0.570821207762,0.686515313387,0.799999991059,0.765499982238
5500,0.589708776772,0.686327859759,0.801999980211,0.758499974012
5550,0.583150802553,0.715288551152,0.795499971509,0.754499998689
5600,0.598204234242,0.712340506911,0.788499978185,0.762499979138
5650,0.536677648127,0.68421753943,0.822999987006,0.77199999392
5700,0.637539309263,0.685747495294,0.782499974966,0.770499977469
5750,0.550934971869,0.686791415513,0.812999990582,0.769499990344
5800,0.593727384508,0.692753484845,0.797499972582,0.757499977946
5850,0.536716350913,0.667449888587,0.812499988079,0.782999974489
5900,0.549662008882,0.713566932082,0.81099999249,0.748499974608
5950,0.553348529339,0.668982285261,0.807499983907,0.76599997282
6000,0.573237428069,0.710872276127,0.795999982953,0.756999978423
6050,0.554901280999,0.71579990983,0.808499985933,0.769499984384
6100,0.539560773969,0.661445617676,0.817999994755,0.764499977231
6150,0.487232606113,0.659310409427,0.827499976754,0.783999967575
6200,0.541494494677,0.698513293266,0.796999999881,0.75949998498
6250,0.539867244661,0.660427516699,0.804499977827,0.766999965906
6300,0.537617962062,0.663927303255,0.812499985099,0.773499977589
6350,0.547978675365,0.700611691177,0.818999972939,0.767499986291
6400,0.537267722189,0.645705126226,0.80949998796,0.786499992013
6450,0.527135390043,0.685001577437,0.813499975204,0.767999964952
6500,0.505859041214,0.688879799843,0.816999968886,0.764999979734
6550,0.54356674701,0.669632740319,0.8125,0.775499993563
6600,0.503270423412,0.64568003118,0.829999992251,0.774999967217
6650,0.49313249886,0.633854179084,0.83299998939,0.795999968052
6700,0.546581983566,0.706004631519,0.807499974966,0.763999968767
6750,0.50687019527,0.675841236115,0.821499997377,0.771999970078
6800,0.463148991764,0.691614499688,0.83449998498,0.755499964952
6850,0.505888436735,0.660289400816,0.8125,0.774999982119
6900,0.530344873667,0.621364748478,0.811999991536,0.789999994636
6950,0.526108004153,0.64353222698,0.812499982119,0.777999982238
7000,0.456582759321,0.648609161377,0.841500011086,0.76749997437
7050,0.473365609348,0.682401397824,0.830499973893,0.779499971867
7100,0.480793683231,0.65440889895,0.842499998212,0.776999980211
7150,0.470940861106,0.649610809982,0.844999992847,0.776499977708
7200,0.457427951694,0.643712800741,0.837999975681,0.774499976635
7250,0.477376553416,0.673840510845,0.822999989986,0.773999971151
7300,0.435811597109,0.693063640594,0.851499992609,0.767499983311
7350,0.450664576888,0.64484411031,0.848499983549,0.770999971032
7400,0.461646947265,0.620293711126,0.83599999547,0.786499983072
7450,0.49353557229,0.704487426579,0.823999989033,0.761999982595
7500,0.487177723646,0.678039708734,0.826999977231,0.780499973893
7550,0.450790438056,0.606911039352,0.842499986291,0.788499978185
7600,0.416074544936,0.670042696595,0.855500000715,0.765999975801
7650,0.452212947607,0.612200826406,0.837499985099,0.786499989033
7700,0.466219201684,0.634599873424,0.837499985099,0.778999981284
7750,0.453529502451,0.687841808796,0.845999976993,0.773499974608
7800,0.426025170088,0.613023075461,0.854999995232,0.79699998796
7850,0.432259488106,0.621750506759,0.847499990463,0.799499976635
7900,0.417331062257,0.624942877889,0.850499972701,0.781499987841
7950,0.406247133017,0.623607595265,0.854000008106,0.787999978662
8000,0.434392522275,0.642569223046,0.84999999702,0.777499979734
8050,0.3931663692,0.598913361132,0.86249999702,0.797999978065
8100,0.424950105697,0.67074739486,0.846999996901,0.776499974728
8150,0.438294386864,0.632050786912,0.833999979496,0.790499979258
8200,0.424159979075,0.680399698019,0.852999985218,0.775999978185
8250,0.388724868,0.601307144761,0.87650000453,0.797999978065
8300,0.430842287838,0.661913906038,0.853499987721,0.779499977827
8350,0.436376261711,0.614389443398,0.840999999642,0.793999972939
8400,0.392588485032,0.645194289088,0.866499993205,0.789999970794
8450,0.43067201525,0.617549617589,0.842999994755,0.793499964476
8500,0.407336531579,0.63654306531,0.853999999166,0.794999980927
8550,0.429028739035,0.635713502765,0.844999983907,0.788999962807
8600,0.417572902143,0.625549708307,0.844499993324,0.793499994278
8650,0.421097612381,0.607578809559,0.850499987602,0.791999983788
8700,0.405636972189,0.629752999544,0.852499991655,0.790499976277
8750,0.374692406505,0.62517400682,0.866999998689,0.791499990225
8800,0.401831641793,0.627530635893,0.868000012636,0.793499982357
8850,0.442002463341,0.641302473843,0.841500002146,0.781999978423
8900,0.417986153066,0.653989164531,0.852999988198,0.785499981046
8950,0.413952799141,0.627558372915,0.857000008225,0.799499982595
9000,0.403021864593,0.62675255239,0.854999989271,0.79249997735
9050,0.41260188669,0.597349980474,0.86249999404,0.807999974489
9100,0.390278735012,0.653455023468,0.862000009418,0.782499974966
9150,0.410666319728,0.70611025691,0.858999994397,0.77999998033
9200,0.408389312029,0.611866788566,0.860499987006,0.803499990702
9250,0.34061004743,0.582342198491,0.87950001359,0.803999984264
9300,0.43003488481,0.689913523197,0.852000007033,0.780999967456
9350,0.413014513254,0.620552861691,0.857500001788,0.794999986887
9400,0.420211597532,0.652706876397,0.848000001907,0.777999979258
9450,0.347812725604,0.66573676616,0.879999995232,0.774499976635
9500,0.409870536625,0.703049218655,0.862999990582,0.777499982715
9550,0.415453575552,0.665283410251,0.858999997377,0.790499982238
9600,0.393489164114,0.714556324482,0.856999990344,0.765999981761
9650,0.413079081476,0.656186887622,0.862000024319,0.797999984026
9700,0.362112493813,0.592327696085,0.872000020742,0.804499992728
9750,0.367525521666,0.683090874553,0.874000000954,0.784999978542
9800,0.351828893274,0.590571554005,0.870499998331,0.807499992847
9850,0.346658595651,0.630791920424,0.874499997497,0.793999966979
9900,0.381543336064,0.657004365325,0.874000012875,0.791499993205
9950,0.352069287002,0.611503441632,0.878500011563,0.803999987245
10000,0.346919348091,0.654429572821,0.880500015616,0.782999977469
10050,0.306935348362,0.560900898278,0.902500024438,0.811499977112
10100,0.317009281367,0.565383175015,0.888000017405,0.808499988914
10150,0.289265362918,0.554113167524,0.896500015259,0.821499979496
10200,0.281613535434,0.51098845005,0.903000018001,0.823999983072
10250,0.281956794113,0.640507549047,0.902000018954,0.796499982476
10300,0.244456572831,0.598673197627,0.916000023484,0.801999995112
10350,0.273923720419,0.555315299332,0.910000035167,0.814999979734
10400,0.257011044025,0.59653403759,0.919000032544,0.816999986768
10450,0.244499351829,0.548187348247,0.919000008702,0.825999993086
10500,0.271711668372,0.575398498774,0.911000010371,0.825499993563
10550,0.266510102898,0.545778477192,0.912000033259,0.815499988198
10600,0.24384008348,0.557340486348,0.922000023723,0.81599997282
10650,0.245893229544,0.555100020766,0.919500020146,0.821499976516
10700,0.217147058249,0.570233745873,0.931500014663,0.816999989748
10750,0.25254355371,0.561198040843,0.912000027299,0.820999994874
10800,0.256814106554,0.564169865847,0.919000032544,0.812499982119
10850,0.248846396059,0.564612410963,0.91550001204,0.827999988198
10900,0.229181006551,0.564470773935,0.925000026822,0.815499985218
10950,0.246286392957,0.574741706252,0.921000030637,0.814499980211
11000,0.234023683518,0.556423227489,0.927500024438,0.824499982595
11050,0.230602585524,0.527066345513,0.929000031948,0.827999985218
11100,0.234055822343,0.588624532521,0.926000013947,0.816999965906
11150,0.208488104492,0.594527880847,0.929500034451,0.797999969125
11200,0.229369337112,0.566635800898,0.923500013351,0.821499991417
11250,0.257497540116,0.586687967181,0.919000038505,0.809999978542
11300,0.232597713917,0.563329538703,0.9185000211,0.818499991298
11350,0.241666723043,0.55412838757,0.921500021219,0.815499988198
11400,0.216645573825,0.577159653604,0.925500038266,0.808499988914
11450,0.213103792444,0.544852954149,0.930000013113,0.816999983788
11500,0.220874248445,0.567428350449,0.930500024557,0.819499972463
11550,0.24871641919,0.61369998306,0.921000018716,0.808499982953
11600,0.228341262043,0.572902789712,0.928500026464,0.810499981046
11650,0.22846494019,0.58405970335,0.923500019312,0.808999985456
11700,0.212626054138,0.553036677837,0.93100002408,0.822999992967
11750,0.227517520636,0.587538407743,0.926500022411,0.802499979734
11800,0.212836012244,0.607368724048,0.9310000211,0.803499975801
11850,0.205955740064,0.612674576044,0.930500033498,0.809499981999
11900,0.203234284744,0.599160331488,0.934500023723,0.815499991179
11950,0.21218185313,0.574789002538,0.930000016093,0.820999968052
12000,0.211709340662,0.599206337333,0.925000023842,0.809999984503
12050,0.24682655707,0.583009713888,0.92150002718,0.818499982357
12100,0.209550723433,0.607159671187,0.929000031948,0.810499984026
12150,0.193183159828,0.582337164879,0.934500023723,0.811499968171
12200,0.189230122045,0.618885783851,0.942000007629,0.80349996686
12250,0.215934623033,0.567341956496,0.928500011563,0.814999970794
12300,0.230807011575,0.551101699471,0.918000024557,0.830999976397
12350,0.220119994879,0.641522139311,0.928000026941,0.802499976754
12400,0.198738455772,0.614052398503,0.937000009418,0.806999987364
12450,0.223999939859,0.54992736578,0.926000031829,0.815499979258
12500,0.212770590186,0.566054984927,0.934000015259,0.818499979377
12550,0.211796842515,0.557140830159,0.932500034571,0.821499979496
12600,0.170929317176,0.616232027113,0.942000022531,0.805499973893
12650,0.190394784883,0.578865733743,0.938500022888,0.810499984026
12700,0.195372537151,0.600798863173,0.941500014067,0.816999977827
12750,0.198432906345,0.586893504858,0.937000021338,0.813999968767
12800,0.194311005622,0.639872522652,0.945500028133,0.805499994755
12850,0.17025969103,0.570882020891,0.949500021338,0.817499989271
12900,0.19961480312,0.600801809132,0.936000016332,0.805999988317
12950,0.199794512242,0.629719604552,0.937000027299,0.801499983668
13000,0.212656490877,0.584956952929,0.929500031471,0.815999996662
13050,0.191782751679,0.612942443788,0.940000018477,0.806999987364
13100,0.201619350165,0.638884575665,0.938500019908,0.809999981523
13150,0.190420524031,0.592307198048,0.938500022888,0.82349999547
13200,0.206914145499,0.569997918606,0.935500022769,0.822999992967
13250,0.201017506421,0.573803769052,0.933000019193,0.815499976277
13300,0.191426379979,0.614242850244,0.941500028968,0.806999975443
13350,0.198949787021,0.668258115649,0.936000022292,0.793499988317
13400,0.173967320472,0.554170803726,0.943500012159,0.833999991417
13450,0.192572590336,0.543986904621,0.941000014544,0.826499974728
13500,0.187534531578,0.53480912149,0.939000028372,0.840499997139
13550,0.195441621169,0.646753969789,0.939000028372,0.798999971151
13600,0.190527506918,0.580782105029,0.937000012398,0.814999964833
13650,0.190198001266,0.603374162316,0.944000017643,0.809499981999
13700,0.19706007652,0.646483513713,0.935000026226,0.80499997735
13750,0.168409754336,0.575562185049,0.943000009656,0.823999977112
13800,0.189420108125,0.614693649113,0.939500010014,0.817999991775
13850,0.198545721918,0.593188340962,0.936500027776,0.808999994397
13900,0.178259410709,0.620063975453,0.951000016928,0.814499971271
13950,0.188951821625,0.59690451622,0.941500014067,0.817999985814
14000,0.1925008744,0.659595765173,0.933000031114,0.803499978781
14050,0.190628840402,0.644050306082,0.940000027418,0.802499988675
14100,0.159403029829,0.623759236932,0.95750001967,0.809999993443
14150,0.176511149108,0.628494848311,0.935500019789,0.80499997735
14200,0.168135078251,0.619716973603,0.951500022411,0.820999971032
14250,0.196359335631,0.622833147645,0.939000025392,0.819999989867
14300,0.173212695494,0.590839254856,0.945000007749,0.814499974251
14350,0.167361946777,0.583786953986,0.944000020623,0.821999981999
14400,0.202942422032,0.650288383663,0.93400002718,0.806999993324
14450,0.190317013487,0.670259489119,0.944000038505,0.811499986053
14500,0.16688923873,0.593119747937,0.947500011325,0.826999989152
14550,0.169752324745,0.63361094445,0.942500025034,0.802999976277
14600,0.164088947698,0.631859016418,0.952000015974,0.808499988914
14650,0.176337818056,0.61179883182,0.943500030041,0.813999980688
14700,0.179738179222,0.6534572348,0.938500016928,0.805999961495
14750,0.176703585312,0.627446420491,0.950000011921,0.806499987841
14800,0.157821646333,0.684733407199,0.953500020504,0.807499974966
14850,0.15028091073,0.685140800476,0.954000017047,0.801999998093
14900,0.174872151017,0.585355000198,0.943000027537,0.82199999094
14950,0.167441337556,0.655011968315,0.947000023723,0.804499983788
15000,0.166880145296,0.578311850131,0.950000023842,0.82049998343
15050,0.16333639212,0.638849024475,0.944000023603,0.808499985933
15100,0.168562582508,0.701958695054,0.944500032067,0.788999980688
15150,0.168556503952,0.611193613708,0.947000026703,0.817999979854
15200,0.168314046785,0.599170552194,0.945500031114,0.815999987721
15250,0.155711552501,0.67749594599,0.948000025749,0.80649997592
15300,0.179798199236,0.657615628839,0.947000008821,0.806499972939
15350,0.164930826798,0.693641766906,0.949000018835,0.798499980569
15400,0.180650640279,0.626579347253,0.939000025392,0.814499974251
15450,0.158080204576,0.599710184336,0.951000028849,0.821499994397
15500,0.153418767452,0.634526504576,0.95300001204,0.818500000238
15550,0.157579949498,0.593701638281,0.949000012875,0.822499981523
15600,0.152996324375,0.57793006897,0.950000017881,0.828999993205
15650,0.158813170716,0.642178308964,0.943500033021,0.807999992371
15700,0.169822732359,0.598840771616,0.947000014782,0.813499975204
15750,0.15300415121,0.628919422626,0.954000005126,0.80799998045
15800,0.149566021189,0.631600290537,0.951500016451,0.811499994993
15850,0.173312891647,0.60595138222,0.948000013828,0.813499978185
15900,0.168063060939,0.642017658055,0.944000023603,0.80799998045
15950,0.14469731003,0.623005647957,0.952500027418,0.822499975562
16000,0.13792986311,0.604395622015,0.960500007868,0.820499971509
16050,0.15615593642,0.652455122769,0.94500003159,0.810999971628
16100,0.154269546643,0.618031616509,0.953000026941,0.819499981403
16150,0.155901506543,0.724337126315,0.95300001502,0.794999974966
16200,0.17541246675,0.633614046872,0.945500013232,0.819499984384
16250,0.161891089752,0.707827778161,0.947500035167,0.808499985933
16300,0.149401317537,0.564854548872,0.948500013351,0.830499988794
16350,0.14637148492,0.738006289303,0.955500018597,0.785999986529
16400,0.150955323502,0.65092561096,0.954000017047,0.808999994397
16450,0.156921877339,0.675428234041,0.952500018477,0.809999972582
16500,0.148151109368,0.721245066822,0.952500018477,0.800999972224
16550,0.157021426037,0.688131964207,0.949000015855,0.79099996984
16600,0.146967971697,0.70070668608,0.950500017405,0.803999984264
16650,0.142439718172,0.615356916189,0.953500005603,0.819499981403
16700,0.139205272496,0.68292401582,0.953000018001,0.794999983907
16750,0.180451273173,0.659062963724,0.939000022411,0.805999985337
16800,0.156559458561,0.66509822309,0.948500019312,0.809999981523
16850,0.11925632786,0.731074269116,0.967500013113,0.795499962568
16900,0.149571885541,0.702293612063,0.955500015616,0.801499992609
16950,0.14020611532,0.736928632855,0.95450001955,0.778499975801
17000,0.142271637544,0.661304244399,0.959000009298,0.815499967337
17050,0.130607971177,0.661312459409,0.962000012398,0.817999994755
17100,0.142569542304,0.593434655666,0.956500014663,0.827499979734
17150,0.163674819469,0.635440392792,0.944500029087,0.816499975324
17200,0.140732370317,0.687543494999,0.954000014067,0.794999977946
17250,0.154571902193,0.662160666287,0.946500018239,0.80649998188
17300,0.139755211771,0.627719980478,0.956500014663,0.810999977589
17350,0.134679060057,0.672705025971,0.963000008464,0.804499977827
17400,0.134412299469,0.631895928085,0.963000020385,0.808499974012
17450,0.153890511766,0.600681486726,0.952000021935,0.816999992728
17500,0.149048900977,0.699027198553,0.954000017047,0.798499986529
17550,0.140398353338,0.719406723976,0.961500012875,0.794999980927
17600,0.120337281097,0.690037362278,0.965000006557,0.807499980927
17650,0.122076140717,0.637413851917,0.961500006914,0.80799998641
17700,0.164069668204,0.69722366631,0.950000011921,0.808999985456
17750,0.145500380546,0.712940968573,0.950000017881,0.810999986529
17800,0.131531181931,0.710238204896,0.959000021219,0.794999980927
17850,0.119583039917,0.702091090381,0.963500002027,0.807999992371
17900,0.141882063821,0.712990008295,0.95750002265,0.799499967694
17950,0.143944646791,0.693252184987,0.961000013351,0.811499989033
18000,0.146213208511,0.690490092337,0.955000019073,0.799999976158
18050,0.156779220328,0.678229887784,0.952500021458,0.814999979734
18100,0.148840611055,0.709843342006,0.955500009656,0.798499971628
18150,0.128735090047,0.675321884453,0.961000013351,0.801999971271
18200,0.134071774781,0.636516223848,0.955500021577,0.812999972701
18250,0.14243090041,0.736618544161,0.957000014186,0.797999972105
18300,0.126375633851,0.717601937056,0.957500007749,0.785999980569
18350,0.13086441271,0.641815274954,0.960000011325,0.805499976873
18400,0.139115798846,0.637708415091,0.957000023127,0.82049998939
18450,0.144620094821,0.710969628394,0.955000019073,0.803499990702
18500,0.125949951634,0.627741728723,0.961000010371,0.823999989033
18550,0.128266082145,0.709353685379,0.962500008941,0.798499983549
18600,0.128689624742,0.731861796975,0.962000018358,0.798499977589
18650,0.135191372037,0.690100669861,0.962000012398,0.804499971867
18700,0.143514284864,0.714924094081,0.953500026464,0.802499988675
18750,0.139360459335,0.739496396482,0.957000020146,0.800499972701
18800,0.148988868296,0.759482824802,0.953000026941,0.795999985933
18850,0.119935446978,0.735065898299,0.966000011563,0.798999983072
18900,0.139838328585,0.757760447264,0.95450001657,0.789999982715
18950,0.125580109283,0.717527589202,0.963000014424,0.802499973774
19000,0.118075424992,0.726756072044,0.963000008464,0.798499977589
19050,0.134805803001,0.634163719416,0.955500015616,0.82049998045
19100,0.119642968476,0.734455747902,0.963000014424,0.808999979496
19150,0.114123362862,0.738331183791,0.96550001502,0.802999985218
19200,0.12897428982,0.691935656965,0.965000015497,0.814999985695
19250,0.137699882872,0.684499372542,0.956000009179,0.817999988794
19300,0.132375948131,0.641753917933,0.964000025392,0.804999986291
19350,0.118883859925,0.757030436397,0.964000016451,0.803499993682
19400,0.112745922431,0.750488607585,0.968500012159,0.798999983072
19450,0.111838535964,0.654178094864,0.966999998689,0.809999975562
19500,0.135714738816,0.751167756319,0.957000020146,0.80499996841
19550,0.124440688081,0.73602168113,0.96550001502,0.798499971628
19600,0.109654912166,0.728328487277,0.970000004768,0.801999974251
19650,0.117144057527,0.697013819218,0.966500008106,0.806999978423
19700,0.109672772884,0.814858445525,0.970500016212,0.791499993205
19750,0.112602949515,0.778983065486,0.963500010967,0.784999984503
19800,0.117741850764,0.66800095886,0.966500020027,0.814999982715
19850,0.12063723281,0.724914860725,0.963500013947,0.793499979377
19900,0.106196822785,0.671779051423,0.971000012755,0.808999973536
19950,0.117904444411,0.681434036791,0.96400000155,0.80799998939
20000,0.121916027181,0.692521750927,0.960000014305,0.811499971151
20050,0.120663225092,0.714306482673,0.959500008821,0.798999968171
20100,0.107678826526,0.754336446524,0.967500001192,0.795499974489
20150,0.120088370144,0.741848994046,0.964500018954,0.804499980807
20200,0.0993150513619,0.693387912214,0.971500009298,0.8064999789
20250,0.115016423352,0.703897872567,0.962500020862,0.807499980927
20300,0.113071359135,0.707567383349,0.969000008702,0.796499982476
20350,0.10397535935,0.800275054574,0.968500012159,0.795499977469
20400,0.106270286068,0.684684075415,0.975500005484,0.806999984384
20450,0.119926828891,0.788570849597,0.961000016332,0.802499997616
20500,0.123084441572,0.727105820179,0.96550001204,0.803499999642
20550,0.114114005864,0.776289020479,0.971500009298,0.79399998486
20600,0.100526455417,0.779997783899,0.973500001431,0.800999975204
20650,0.116822763532,0.711357420683,0.965000015497,0.814999994636
20700,0.107753327303,0.739679577947,0.966000020504,0.79699998498
20750,0.106970356405,0.725757108629,0.970000004768,0.803499999642
20800,0.114424423687,0.749427330494,0.964000016451,0.803999978304
20850,0.118465926871,0.718257290125,0.967500004172,0.806999975443
20900,0.107908406295,0.704653804004,0.967500010133,0.80949998498
20950,0.112273274735,0.744164043665,0.966000008583,0.794499972463
21000,0.0965790659189,0.700553366542,0.972499999404,0.814999982715
21050,0.11205066219,0.742741526663,0.962500026822,0.797999987006
21100,0.103305712342,0.750245085359,0.974000003934,0.794999989867
21150,0.110232476518,0.750628763437,0.969000023603,0.790999993682
21200,0.104597831704,0.731124982238,0.969500005245,0.792999967933
21250,0.116971661523,0.719551926851,0.968500009179,0.797499969602
21300,0.121749612689,0.752724984288,0.96400001049,0.801499977708
21350,0.0970032058656,0.721764403582,0.969000002742,0.810999980569
21400,0.0986384475604,0.681580047309,0.972000005841,0.799999982119
21450,0.111094727367,0.735595145822,0.971500003338,0.810499992967
21500,0.0942312713712,0.791606765985,0.975999996066,0.794999963045
21550,0.10196331311,0.675320777297,0.970000013709,0.810499987006
21600,0.11557017453,0.72561237067,0.971500003338,0.804999986291
21650,0.107513260841,0.72134873718,0.972000005841,0.815499970317
21700,0.119463777542,0.711160083115,0.965500003099,0.806499966979
21750,0.108102767915,0.722343888879,0.970500016212,0.798499980569
21800,0.110814080574,0.724344037473,0.973500010371,0.811499983072
21850,0.102414681576,0.784223046899,0.970500004292,0.789999973774
21900,0.108312951401,0.694848096371,0.971000021696,0.800499987602
21950,0.118981210142,0.694435070455,0.960000020266,0.808499988914
22000,0.109763579071,0.770148137212,0.971999999881,0.794999977946
22050,0.0990564811975,0.707300725579,0.971000018716,0.8125
22100,0.112088249996,0.669782179594,0.968500006199,0.811999982595
22150,0.100358768553,0.719863730669,0.971000009775,0.811499986053
22200,0.115860999003,0.738426847756,0.965000009537,0.812999978662
22250,0.107755576633,0.735552977026,0.966500011086,0.807999974489
22300,0.112987028621,0.783375582099,0.97000002563,0.792999976873
22350,0.12662207149,0.691070060432,0.964500001073,0.797499990463
22400,0.108523880132,0.757252837718,0.968500006199,0.791499984264
22450,0.0857204468921,0.716218657792,0.982000008225,0.814499983191
22500,0.0982715062797,0.755496062338,0.972000008821,0.796999973059
22550,0.101384808496,0.802444157004,0.974500000477,0.787999975681
22600,0.116527849995,0.739074265957,0.963500013947,0.792499983311
22650,0.111063815095,0.700713866949,0.96850001812,0.816499978304
22700,0.09701705724,0.749826176465,0.973000007868,0.800999981165
22750,0.101166379265,0.694226063788,0.972499999404,0.801999977231
22800,0.102235254832,0.740806876123,0.970000010729,0.804499986768
22850,0.095009659417,0.797014676034,0.974000012875,0.788999980688
22900,0.102851933613,0.697421255708,0.976000005007,0.820999988914
22950,0.104271879233,0.717712014914,0.974500003457,0.804499986768
23000,0.0773923207074,0.665955980122,0.980500003695,0.816999983788
23050,0.106847207621,0.796504405141,0.971000009775,0.788999983668
23100,0.111961926147,0.752915482223,0.96700001955,0.800499972701
23150,0.102981182374,0.711046417058,0.97000002265,0.815499979258
23200,0.101266962662,0.814925237,0.974000000954,0.79549998045
23250,0.102293541841,0.741772371531,0.971000015736,0.79699998796
23300,0.101662273519,0.695267702639,0.974500000477,0.814999976754
23350,0.105473286845,0.75424208045,0.973000007868,0.802999973297
23400,0.0985484212637,0.706411354244,0.973500004411,0.802999985218
23450,0.111103357561,0.806689572334,0.967500007153,0.791499978304
23500,0.102077131718,0.722269640863,0.972500014305,0.802499982715
23550,0.101201025024,0.715805761516,0.971000021696,0.81449996829
23600,0.107493646629,0.697288247943,0.968000018597,0.82049998641
23650,0.102760948054,0.723485225439,0.974000015855,0.817999988794
23700,0.113177811727,0.793320482969,0.970000004768,0.799499967694
23750,0.104273238964,0.722001895308,0.973000007868,0.810499987006
23800,0.0965476309881,0.761802507937,0.97500000596,0.802499982715
23850,0.107243840024,0.760760192573,0.970500013232,0.79849999249
23900,0.114404645376,0.729072976112,0.96550000608,0.807499977946
23950,0.101370460168,0.675667500496,0.974000009894,0.80949998498
24000,0.105528222024,0.750518417358,0.968499994278,0.808499988914
24050,0.103495172597,0.735653501749,0.972499999404,0.801499980688
24100,0.102474989183,0.698681344092,0.971500006318,0.812999975681
24150,0.102678119764,0.77099609673,0.975,0.809499967098
24200,0.106439407356,0.681652079523,0.971500009298,0.814999976754
24250,0.10507446751,0.767897492647,0.972500008345,0.805499982834
24300,0.0906048420817,0.661648771167,0.975500014424,0.823999989033
24350,0.0953116541728,0.732724040747,0.971500003338,0.809999987483
24400,0.105876826867,0.697889970243,0.968000012636,0.814999985695
24450,0.113132092729,0.704475237429,0.967500019073,0.801499974728
24500,0.0981382621452,0.740407457948,0.975499996543,0.796999967098
24550,0.102813547291,0.748237094283,0.972500005364,0.799499973655
24600,0.0989626741037,0.750008407235,0.972499999404,0.804499983788
24650,0.114025819302,0.729357406497,0.967000004649,0.805999964476
24700,0.0947827843949,0.773563887179,0.977999997139,0.799499982595
24750,0.104445938766,0.757416410744,0.972500011325,0.805999979377
24800,0.0894073251635,0.781393811107,0.974500009418,0.800499987602
24850,0.103084558994,0.70374493897,0.970500013232,0.813999971747
24900,0.0880797466263,0.78445674032,0.974500009418,0.788499978185
24950,0.107343811169,0.744915133715,0.973000016809,0.801499980688
25000,0.0973145877942,0.757585561275,0.977000010014,0.811999988556
25050,0.109748079441,0.671082980931,0.971000015736,0.82199999392
25100,0.111963432468,0.736618793011,0.970500013232,0.809499967098
25150,0.106152123585,0.706420403719,0.969000011683,0.807499977946
25200,0.0958531744778,0.752320426702,0.972500005364,0.805999970436
25250,0.0947298819199,0.781877931952,0.975000008941,0.804999965429
25300,0.106469460949,0.732295258343,0.972000008821,0.805999979377
25350,0.105067459121,0.663512915373,0.971000006795,0.822499984503
25400,0.0872402912006,0.71970487833,0.978499999642,0.808999982476
25450,0.102995191514,0.736454045773,0.971500009298,0.794499990344
25500,0.10421726983,0.814280027151,0.966500011086,0.790499976277
25550,0.104243729264,0.697625339031,0.969000008702,0.807499974966
25600,0.0844686940312,0.700696016848,0.974500003457,0.810999977589
25650,0.105011628941,0.759738849103,0.971000015736,0.803999987245
25700,0.094404229708,0.734208451211,0.972999998927,0.808999976516
25750,0.109793898463,0.762858787179,0.972500008345,0.800499987602
25800,0.0904408603907,0.746591322124,0.977000007033,0.815499988198
25850,0.0888426464051,0.784911796451,0.97500000298,0.795999979973
25900,0.0983790002763,0.740249943733,0.974000006914,0.803999993205
25950,0.0981539823115,0.740274907649,0.973000007868,0.803999978304
26000,0.0856670793146,0.759440150857,0.975499990582,0.797499978542
26050,0.103018057719,0.687172973156,0.973500007391,0.81899998188
26100,0.0989921532571,0.684692062438,0.973999992013,0.82049998939
26150,0.0997526153922,0.772225780785,0.971000015736,0.794999989867
26200,0.110411572829,0.790981845558,0.966000023484,0.796499970555
26250,0.0966008318588,0.758413502574,0.972500011325,0.800499984622
26300,0.0974432455376,0.738126434386,0.973000001907,0.80349996984
26350,0.0936808086932,0.790434901416,0.972000005841,0.800999972224
26400,0.103620446101,0.802696877718,0.97500000596,0.784999972582
26450,0.117086534016,0.694645352662,0.967500004172,0.811999991536
26500,0.106556453928,0.764283339679,0.969500005245,0.7939999789
26550,0.103669559769,0.624955749512,0.964500010014,0.820999979973
26600,0.0861279932782,0.729327112436,0.971500018239,0.805999991298
26650,0.106659080833,0.737277106941,0.967500007153,0.79249998033
26700,0.0896798275411,0.730872385204,0.977000007033,0.796499988437
26750,0.097870105505,0.790206408501,0.978000000119,0.789999976754
26800,0.0916134702042,0.741497930884,0.975500008464,0.801999983191
26850,0.10089033097,0.656799308956,0.971500012279,0.828499984741
26900,0.0913760771044,0.764374786615,0.978500005603,0.801499980688
26950,0.117219185829,0.764294014871,0.969500002265,0.794999969006
27000,0.102680516802,0.730864816904,0.970500016212,0.805999976397
27050,0.0925848420709,0.792929011583,0.97499999702,0.784999978542
27100,0.101734485663,0.738389205933,0.971500000358,0.807499989867
27150,0.101253064908,0.762722101808,0.966000017524,0.803499978781
27200,0.106693760864,0.729045268893,0.970000007749,0.809499981999
27250,0.0963702339679,0.75910153389,0.973500007391,0.797499966621
27300,0.104291636869,0.763242438436,0.969500002265,0.790499985218
27350,0.105488207191,0.686267577112,0.968500009179,0.813999992609
27400,0.107774140686,0.73411295861,0.970500013232,0.804499971867
27450,0.102752743848,0.708858649433,0.972500002384,0.806999972463
27500,0.0928079362959,0.832227134705,0.978499996662,0.790499979258
27550,0.103007017635,0.779546263814,0.966500014067,0.800999981165
27600,0.0949638964608,0.76210783571,0.974000012875,0.797999984026
27650,0.104660074227,0.795403438807,0.968000015616,0.793999969959
27700,0.089242634736,0.799450264871,0.974500006437,0.789999979734
27750,0.106312289461,0.747498366237,0.969500008225,0.802999982238
27800,0.106161394529,0.656003531814,0.968500009179,0.817999988794
27850,0.0998130727559,0.762774994969,0.972000008821,0.795999971032
27900,0.0861706458032,0.746796818078,0.97499999404,0.791999989748
27950,0.101930859312,0.806395584345,0.970500007272,0.783999988437
28000,0.0974270362407,0.780653262138,0.975000008941,0.797999984026
28050,0.0935694938526,0.724541369081,0.974000015855,0.802999988198
28100,0.0959120249376,0.701721951365,0.971500006318,0.812499970198
28150,0.103634652495,0.723500262201,0.970500019193,0.816999989748
28200,0.111880541779,0.737379606068,0.967500013113,0.807499995828
28250,0.0921363905072,0.717876884341,0.975999999046,0.800999969244
28300,0.0927879724652,0.751384411752,0.977000001073,0.807499974966
28350,0.103698940203,0.773927377164,0.975000017881,0.789999985695
28400,0.0999358735979,0.78431622386,0.968000009656,0.795999985933
28450,0.0947937555611,0.761282399297,0.976499995589,0.796999970078
28500,0.101658097841,0.77478646934,0.973000007868,0.790999993682
28550,0.0940437091514,0.743314141035,0.975,0.802999982238
28600,0.114046616852,0.721972715855,0.970000007749,0.802999985218
28650,0.0921480145305,0.716050104797,0.971500009298,0.812499973178
28700,0.0923856282607,0.752996127307,0.979000008106,0.808499997854
28750,0.106067254581,0.778349924088,0.969500011206,0.794999977946
28800,0.0832157958299,0.759248542786,0.979500001669,0.795499974489
28850,0.0947949741036,0.737693823874,0.97500000298,0.809499979019
28900,0.0924248142168,0.8028252244,0.975500005484,0.794499984384
28950,0.0922852262855,0.719520545006,0.976000002027,0.801499983668
29000,0.102034624852,0.768230800331,0.970500016212,0.794999983907
29050,0.0945319645107,0.712253695726,0.972000014782,0.802999979258
29100,0.092356505245,0.735243761539,0.974500012398,0.806999981403
29150,0.0904145793989,0.777297529578,0.979500007629,0.811499968171
29200,0.107706745155,0.804863610864,0.968000006676,0.798499977589
29250,0.100796337053,0.669771650434,0.972500014305,0.804999983311
29300,0.0933726621792,0.781938767433,0.97199998796,0.796499967575
29350,0.106502451934,0.743082800508,0.972500008345,0.808999976516
29400,0.100855216198,0.708014859259,0.972999998927,0.812499991059
29450,0.0941344428807,0.678988656402,0.975000011921,0.810499981046
29500,0.0911208840087,0.767541477084,0.978000000119,0.789999988675
29550,0.0903027232736,0.783934803307,0.972500005364,0.793499985337
29600,0.0923462918028,0.685140098631,0.972500014305,0.811499980092
29650,0.0933427313343,0.749247117341,0.969500017166,0.791999980807
29700,0.103001881577,0.73064262867,0.968000003695,0.800999978185
29750,0.101208383217,0.779344037175,0.970500010252,0.80649998486
29800,0.0928719744086,0.765676498413,0.978500008583,0.791999968886
29850,0.0959279362112,0.86097471565,0.973500013351,0.783499976993
29900,0.0991443548352,0.741576635838,0.971000006795,0.796999981999
29950,0.0926469307393,0.719270463288,0.976000007987,0.802999973297
30000,0.0930957408622,0.782981094718,0.972000002861,0.797999975085
30050,0.0935927696526,0.743766820431,0.976000010967,0.795999982953
30100,0.105315200984,0.740250624716,0.966000023484,0.797999981046
30150,0.0907277874649,0.739504492283,0.975500014424,0.794499990344
30200,0.0904006054625,0.77619420886,0.974500015378,0.800999984145
30250,0.0899527257308,0.753040224314,0.976000013947,0.802999976277
30300,0.0997170509771,0.742591273785,0.975000008941,0.808499991894
30350,0.0939409302548,0.765290635824,0.972000005841,0.801499968767
30400,0.0821530973539,0.758550009131,0.979499995708,0.796499985456
30450,0.0926640788093,0.736011329293,0.975500005484,0.79699999094
30500,0.0981361918151,0.735507929325,0.971999996901,0.795499977469
30550,0.102776781283,0.688795427978,0.969000011683,0.817999979854
30600,0.0980687953532,0.716793197393,0.975500002503,0.809999993443
30650,0.0830753358081,0.758811876178,0.975999999046,0.807999974489
30700,0.0934146679938,0.782659292221,0.971500009298,0.796999973059
30750,0.0942229425535,0.781195349991,0.976999998093,0.802499994636
30800,0.0911989251152,0.767291429639,0.982500007749,0.798500004411
30850,0.0827268047258,0.712644459307,0.980000001192,0.811499980092
30900,0.0861838225275,0.722870178521,0.978999996185,0.80499998033
30950,0.097193865478,0.752938395739,0.970000007749,0.810499989986
31000,0.10085973423,0.755109247565,0.974000003934,0.794499984384
31050,0.092356624268,0.726663269103,0.976000005007,0.812499985099
31100,0.0969943817705,0.711535856128,0.972000011802,0.806499972939
31150,0.0977208392695,0.730785694718,0.972500011325,0.813499981165
31200,0.0953244583681,0.839770451188,0.974000006914,0.782499974966
31250,0.102260327153,0.731422372162,0.972500008345,0.801499980688
31300,0.104138071649,0.758962452412,0.974500000477,0.790999990702
31350,0.084743703343,0.700068452954,0.978499996662,0.816999986768
31400,0.101467707939,0.753629755974,0.974000009894,0.810499966145
31450,0.0957280529663,0.694268648326,0.975499999523,0.804499989748
31500,0.0886129319668,0.791954419017,0.980000001192,0.791499975324
31550,0.0959566997364,0.751464962959,0.972000005841,0.802999985218
31600,0.102260981873,0.681018002331,0.967000004649,0.816999977827
31650,0.10162402913,0.716620497406,0.973000022769,0.806999981403
31700,0.0872194381431,0.790021832287,0.978000003099,0.785999980569
31750,0.0971573036164,0.683757004142,0.972500002384,0.814999982715
31800,0.0868735609576,0.751238517463,0.976999998093,0.796999981999
31850,0.0955860523507,0.744337823987,0.971000012755,0.799999976158
31900,0.100861025602,0.819025313854,0.972999992967,0.800499972701
31950,0.0990282978863,0.787429706752,0.972000008821,0.785499981046
32000,0.0813936494291,0.845313885808,0.979000014067,0.790499976277
32050,0.0883160708472,0.718244925141,0.973000004888,0.807499974966
32100,0.0942660389468,0.730537126958,0.976000013947,0.814499971271
32150,0.103810808621,0.722844412923,0.970000010729,0.809999978542
32200,0.0895747637376,0.731890109181,0.97800000608,0.804499971867
32250,0.0966230316088,0.763845159113,0.971000012755,0.799499976635
32300,0.0956036755815,0.763348448277,0.971000012755,0.79699998498
32350,0.0930873468518,0.775824302435,0.977000010014,0.79699998796
32400,0.0892873553559,0.693467740715,0.974000012875,0.810999983549
32450,0.0918866790831,0.73451961726,0.97800001502,0.802499982715
32500,0.0822537515312,0.762188276649,0.981000003219,0.800999984145
32550,0.0869721999392,0.678902289271,0.979499992728,0.814499977231
32600,0.108405769058,0.715720600635,0.968000003695,0.800999984145
32650,0.0892567755654,0.813279473782,0.976000013947,0.784499979019
32700,0.0915147876367,0.761195866764,0.979499992728,0.794499975443
32750,0.0999003818259,0.689750786126,0.974000009894,0.823999983072
32800,0.0861719593406,0.746446599066,0.975500008464,0.799999976158
32850,0.0864326179028,0.702922409773,0.97500000596,0.81599997282
32900,0.0966505529359,0.790037503839,0.972500008345,0.798999965191
32950,0.106477819756,0.786894567311,0.967500013113,0.793499970436
33000,0.101589166559,0.667852754891,0.97500000596,0.811999988556
33050,0.092142092064,0.653447645903,0.979999989271,0.811999985576
33100,0.090788513422,0.791847845912,0.973500013351,0.784999975562
33150,0.0900365520269,0.693420657516,0.97500000596,0.821499979496
33200,0.0958485620096,0.800995048881,0.975000008941,0.792499983311
33250,0.0845361651853,0.795211569965,0.977500009537,0.791999989748
33300,0.090337741375,0.784460739791,0.976000002027,0.802499967813
33350,0.0822157282382,0.693118315935,0.980000001192,0.802999985218
33400,0.111711887084,0.751143394411,0.969500014186,0.789999979734
33450,0.0968606514856,0.698950555921,0.978500002623,0.813999986649
33500,0.114622898214,0.705512757599,0.972000005841,0.810499975085
33550,0.0994395256042,0.775913472474,0.973500004411,0.78299998045
33600,0.102901402302,0.732173642516,0.974000003934,0.812499982119
33650,0.103663915768,0.762258668244,0.973500004411,0.800999984145
33700,0.0984558565542,0.795734968781,0.971000006795,0.798499980569
33750,0.101300017163,0.728585460782,0.973500004411,0.812499985099
33800,0.100306204334,0.6850086689,0.970000010729,0.808499985933
33850,0.097456739936,0.736795808375,0.970500013232,0.801499986649
33900,0.100927672163,0.773172685504,0.974499985576,0.786999976635
33950,0.0868694359437,0.691240000725,0.971999999881,0.818499982357
34000,0.106935123913,0.78237016201,0.972500017285,0.803499987721
34050,0.101175876334,0.762869659066,0.971500009298,0.795999982953
34100,0.102963119932,0.686737452447,0.971500018239,0.805999982357
34150,0.100261724368,0.786796447635,0.972999998927,0.800499984622
34200,0.0943836573511,0.735561199486,0.974000000954,0.80649998486
34250,0.0866101905704,0.715984642506,0.977999991179,0.804999989271
34300,0.106014813483,0.686546307802,0.974500015378,0.816999992728
34350,0.0900806322694,0.838754421473,0.975500011444,0.789999991655
34400,0.0904184821993,0.696461088955,0.977000012994,0.808499971032
34450,0.0789423806593,0.763412630558,0.977999997139,0.811499968171
34500,0.093733246997,0.763870799541,0.977500000596,0.799999976158
34550,0.0979677163064,0.723339389265,0.975500008464,0.80649997592
34600,0.0959060046822,0.70827999264,0.97650000453,0.811499997973
34650,0.0882479202002,0.737290069461,0.982000011206,0.806999969482
34700,0.109434464201,0.792254048586,0.972000002861,0.790499985218
34750,0.116696369089,0.709473417699,0.961500021815,0.808999976516
34800,0.0926953542978,0.737227907777,0.97800000906,0.806999984384
34850,0.0960561012849,0.774960076809,0.97500000298,0.804499989748
34900,0.0984592868015,0.761563208699,0.976000010967,0.800999987125
34950,0.0810005802661,0.725800323486,0.982000008225,0.805499973893
35000,0.0831555016339,0.670413300395,0.978500008583,0.827999976277
35050,0.0903776278719,0.690743297338,0.977000007033,0.809999993443
35100,0.101412842982,0.724120077491,0.975499990582,0.808999976516
35150,0.0838618515059,0.766731375456,0.978500005603,0.803999987245
35200,0.0988220497966,0.725495664775,0.975000017881,0.808999982476
35250,0.0971224147826,0.792472401261,0.974500012398,0.799999973178
35300,0.104853222892,0.754230085015,0.965000015497,0.80499998033
35350,0.0996030164883,0.721849274635,0.973000019789,0.810999977589
35400,0.0928554723039,0.785747243464,0.976000007987,0.784999978542
35450,0.0938804166391,0.836742860079,0.969500002265,0.777999967337
35500,0.0869625965133,0.713151538372,0.978500002623,0.814499986172
35550,0.0859972307459,0.778005723655,0.980000007153,0.787499976158
35600,0.0814469868317,0.751940310001,0.977999997139,0.809999984503
35650,0.102857778408,0.728151223063,0.970500013232,0.804499986768
35700,0.0950355552137,0.79699921608,0.977000001073,0.798999992013
35750,0.105142011121,0.691357243061,0.970500010252,0.802499982715
35800,0.0915926923975,0.671025446057,0.975499996543,0.822499978542
35850,0.1017924238,0.717572374642,0.972500005364,0.802499976754
35900,0.0869833160192,0.747588482499,0.978500008583,0.799999976158
35950,0.0915157526731,0.76096881777,0.978500005603,0.80349997282
36000,0.100058996677,0.744907188416,0.969500011206,0.791499975324
36050,0.0882170980796,0.738757312298,0.978999996185,0.80799998045
36100,0.109603447281,0.750045463443,0.965999999642,0.806999984384
36150,0.0886888865381,0.701620441675,0.975500011444,0.814999985695
36200,0.0911935323849,0.730071377754,0.97500000298,0.811999985576
36250,0.0807474279776,0.728339056671,0.977999991179,0.80949998498
36300,0.0991153880954,0.743679440022,0.974000003934,0.794500002265
36350,0.0948035435751,0.754957771301,0.976000013947,0.807999977469
36400,0.10053056106,0.79807715416,0.971500009298,0.792499986291
36450,0.107747627422,0.722054286301,0.971500012279,0.809499976039
36500,0.0888346632943,0.745333239436,0.975500014424,0.805999979377
36550,0.0834881979972,0.716514848173,0.979500004649,0.811999973655
36600,0.0968245847151,0.725601167977,0.975000017881,0.805499961972
36650,0.0899893509224,0.749330176413,0.980499997735,0.812999981642
36700,0.0956974482164,0.760991698503,0.974000009894,0.791999968886
36750,0.0823007149622,0.773617100716,0.980499997735,0.808999976516
36800,0.0886719997972,0.78666151762,0.977000001073,0.794499975443
36850,0.0932565877214,0.728420651704,0.97650000751,0.807499974966
36900,0.102134566195,0.743983405828,0.973000013828,0.804499980807
36950,0.0829072248191,0.802106708288,0.980500006676,0.799499982595
37000,0.0949909448624,0.718103578687,0.976000010967,0.809999966621
37050,0.0834042906761,0.778588053584,0.980500003695,0.806999972463
37100,0.0873085736297,0.784569078684,0.978500017524,0.802999982238
37150,0.0905720977113,0.772977468371,0.975000008941,0.799499991536
37200,0.0817700322717,0.762811335921,0.973999994993,0.794999960065
37250,0.109813945368,0.877924737334,0.971000012755,0.77999998033
37300,0.100553810969,0.728310181201,0.969000023603,0.806499987841
37350,0.109801774845,0.714739242196,0.976000007987,0.804499980807
37400,0.0820137474686,0.718450093269,0.978500008583,0.802999997139
37450,0.0873531615362,0.740217640996,0.979500004649,0.799499982595
37500,0.0893220193684,0.722829884291,0.973000004888,0.81899998486
37550,0.087408699654,0.760741825402,0.97500000596,0.801999980211
37600,0.0908234333619,0.761971315742,0.973000010848,0.807499974966
37650,0.0913646303117,0.812575045228,0.979000005126,0.794499975443
37700,0.0984888400882,0.75751901865,0.974000000954,0.800499984622
37750,0.0980773095042,0.711811749637,0.974000006914,0.808999976516
37800,0.0952596528456,0.810111308098,0.976499992609,0.796499982476
37850,0.0917817862704,0.782209484279,0.97500000596,0.801999980211
37900,0.0958612401038,0.709193402529,0.970500013232,0.805999997258
37950,0.0797388628125,0.736908100545,0.980000001192,0.810999980569
38000,0.106167753786,0.67399495542,0.96700001359,0.79849999547
38050,0.101399900019,0.702863246202,0.976000007987,0.812499979138
38100,0.0961340058595,0.780775126815,0.975500002503,0.791499975324
38150,0.0875453090295,0.732807850838,0.977000007033,0.810999980569
38200,0.0897012555972,0.75893599987,0.977000001073,0.801499980688
38250,0.100089612044,0.732886761427,0.969000011683,0.810499981046
38300,0.0994033033028,0.816191619635,0.976999998093,0.791999965906
38350,0.0933346180245,0.764836904407,0.978000003099,0.794499981403
38400,0.100294893235,0.758051216602,0.973000010848,0.805499994755
38450,0.0957655688748,0.766251020133,0.972500017285,0.804499974847
38500,0.103095101006,0.761470127106,0.972999998927,0.808999973536
38550,0.087445904687,0.721450309455,0.980000007153,0.801499986649
38600,0.0859342921525,0.826723241806,0.975500011444,0.787499988079
38650,0.0891709204763,0.763262557983,0.975500008464,0.80649998188
38700,0.0900688998401,0.737244862318,0.977500006557,0.815499991179
38750,0.100046313182,0.76796810627,0.972499999404,0.798000004888
38800,0.0846436403692,0.759115731716,0.982500001788,0.805499973893
38850,0.0923283973709,0.803993713856,0.974500009418,0.798499983549
38900,0.0880155332386,0.826650872827,0.977500012517,0.786999994516
38950,0.0765806447715,0.742838363349,0.983500003815,0.806999987364
39000,0.098703381978,0.867484341562,0.973999997973,0.778499984741
39050,0.0928531918675,0.710553638637,0.973500001431,0.813499978185
39100,0.0963235730305,0.684098209441,0.973500022292,0.814999982715
39150,0.11349062603,0.77855797559,0.96550001502,0.799999973178
39200,0.0921149956062,0.694054967165,0.979500004649,0.814999979734
39250,0.0983842402697,0.714615824819,0.971500015259,0.814499980211
39300,0.0881122590974,0.802679038048,0.977000001073,0.791499981284
39350,0.113986635581,0.743240746856,0.970500010252,0.799000000954
39400,0.0968967918307,0.779331736267,0.97800000608,0.789499986172
39450,0.0955590635538,0.711258283257,0.974500003457,0.812999999523
39500,0.0828330110759,0.739746768773,0.984499999881,0.804999983311
39550,0.0962543984875,0.719657623768,0.97650001049,0.808999985456
39600,0.080696262978,0.740292167664,0.979499992728,0.79849999547
39650,0.0919394558296,0.732389205694,0.972000011802,0.802999988198
39700,0.0893272517249,0.777743959427,0.975999990106,0.784499970078
39750,0.0879092557356,0.77972714752,0.974000003934,0.803999972343
39800,0.0924444174394,0.804131227732,0.975000011921,0.780499982834
39850,0.087978409417,0.752197752893,0.97650001049,0.800499975681
39900,0.102351354994,0.711176908016,0.969500005245,0.81899998188
39950,0.0926948055625,0.825726151466,0.97500000596,0.79549998939
40000,0.0854705672711,0.797271920741,0.978500005603,0.789999985695
40050,0.0970928350464,0.742720721662,0.973000013828,0.799499976635
40100,0.0793312991038,0.774150319397,0.979999998212,0.801999974251
40150,0.0935697063804,0.729432666302,0.974500003457,0.807999974489
40200,0.0941679470241,0.754036533833,0.971500003338,0.806499996781
40250,0.0951183777303,0.721859121323,0.974499994516,0.811499980092
40300,0.0875684395432,0.820005199313,0.977999994159,0.790499976277
40350,0.0903831731528,0.746807278693,0.975000008941,0.797499984503
40400,0.0873352356255,0.733081573248,0.976000013947,0.806999981403
40450,0.0945141673088,0.702168156207,0.978000003099,0.811499983072
40500,0.0841935312375,0.750138920546,0.975500005484,0.80499996841
40550,0.0938593832776,0.729724314809,0.97800000906,0.801499992609
40600,0.0975256590173,0.77373496294,0.972000008821,0.798499983549
40650,0.11027758196,0.748435762525,0.969500002265,0.800999978185
40700,0.0958572525531,0.69279448092,0.97650000751,0.814999958873
40750,0.104575435631,0.816011665761,0.967000007629,0.796999979019
40800,0.0975404201075,0.804620914161,0.974000003934,0.791999980807
40850,0.095671861805,0.77082387656,0.972999998927,0.801999989152
40900,0.114835711755,0.770246483386,0.968500012159,0.801499983668
40950,0.0871122254059,0.769205856323,0.97950001359,0.796499985456
41000,0.114711013064,0.750648677349,0.966000011563,0.808499988914
41050,0.104814130068,0.709609405696,0.966000005603,0.801499971747
41100,0.0846210822463,0.711536151171,0.981999996305,0.807999974489
41150,0.105181531794,0.657219424844,0.969000008702,0.819999983907
41200,0.0971648326144,0.757876816392,0.975500002503,0.802499988675
41250,0.0964863758534,0.766413043439,0.973999994993,0.801999980211
41300,0.0882611576468,0.708860595524,0.979500004649,0.805999988317
41350,0.0708171200007,0.742912366986,0.982500001788,0.805499967933
41400,0.102670586668,0.74787196666,0.972000014782,0.809999987483
41450,0.0877398787066,0.703585889935,0.976000002027,0.806999972463
41500,0.0912292603403,0.793712608516,0.977000010014,0.792999985814
41550,0.0923406612128,0.727467235923,0.974499997497,0.804999983311
41600,0.0930157743394,0.729013340175,0.976000016928,0.79249997735
41650,0.0885831819847,0.776273539662,0.980000004172,0.797999972105
41700,0.0957757772878,0.705231656134,0.973999997973,0.814999979734
41750,0.0967191534117,0.760434095562,0.974000006914,0.803499990702
41800,0.0996198758483,0.75193631947,0.97199999094,0.794499984384
41850,0.0851973967627,0.778574764729,0.978500002623,0.802999988198
41900,0.0898277277127,0.784109589458,0.979500007629,0.802999979258
41950,0.091454208456,0.748497860134,0.975500002503,0.796999981999
42000,0.100018255971,0.695563820004,0.971000015736,0.816999998689
42050,0.0974371509627,0.720465424657,0.973500013351,0.810499981046
42100,0.101926745474,0.686344760656,0.969500011206,0.815499991179
42150,0.0992679258808,0.711699169874,0.972000008821,0.80649998188
42200,0.0970935087651,0.723986363411,0.973000010848,0.803000003099
42250,0.113838667609,0.714592036605,0.966000020504,0.819999980927
42300,0.0971453832462,0.790386220813,0.973500007391,0.792499983311
42350,0.0881739756092,0.732614143193,0.97199999392,0.807999992371
42400,0.0887365009636,0.741437162459,0.97800001204,0.80649998486
42450,0.0962764982134,0.736798104644,0.978000003099,0.808499982953
42500,0.0952521700412,0.721011002362,0.979000005126,0.823999992013
42550,0.111095875502,0.724552369118,0.96550001502,0.801499992609
42600,0.0921384396031,0.88451282382,0.971500018239,0.773999983072
42650,0.0894549105316,0.756880623102,0.97650000453,0.795999974012
42700,0.0931849446148,0.655190266669,0.971999999881,0.816999989748
42750,0.0824335202575,0.742997568846,0.977500000596,0.80199996829
42800,0.0943582184613,0.718507300317,0.978499996662,0.787999987602
42850,0.0917469529435,0.775745381415,0.975999996066,0.804999986291
42900,0.0914041414857,0.718398459256,0.977500003576,0.81449996531
42950,0.0908391704783,0.725793519616,0.977000007033,0.808499982953
43000,0.101694432646,0.835106185079,0.972500008345,0.785499975085
43050,0.0951509986073,0.770234423876,0.976000013947,0.788999974728
43100,0.0886314429343,0.821179056168,0.977500006557,0.795499971509
43150,0.0951492074877,0.782648023963,0.972500011325,0.796499973536
43200,0.0854880664498,0.787568315864,0.980999985337,0.788999980688
43250,0.0983851181343,0.757118488848,0.975499996543,0.798999974132
43300,0.0983679158613,0.843751111627,0.968000012636,0.784999984503
43350,0.087626776658,0.815033790469,0.977499994636,0.784999987483
43400,0.0953251529485,0.701139828563,0.975500011444,0.815499964356
43450,0.0911367159337,0.728556104004,0.976000005007,0.81099998951
43500,0.0987230315804,0.724621619284,0.973000010848,0.807499974966
43550,0.0973607478663,0.781727389991,0.972500002384,0.79249998033
43600,0.085017391853,0.791933086514,0.979000002146,0.78299998343
43650,0.0834903433919,0.810235345364,0.979500007629,0.79249998033
43700,0.0993054343387,0.698202800751,0.966500017047,0.80649998486
43750,0.108833289891,0.777900806069,0.972500011325,0.787499970198
43800,0.093924359791,0.755932752788,0.979000005126,0.797999992967
43850,0.0934764744714,0.754981829226,0.973000004888,0.806999975443
43900,0.0838213117793,0.672219608724,0.980500003695,0.816999980807
43950,0.0829372799024,0.710642045736,0.979000005126,0.812000000477
44000,0.0800642635673,0.723530884087,0.984500002861,0.807999974489
44050,0.107861367613,0.774526792765,0.973999994993,0.795499995351
44100,0.0939545530826,0.731811469793,0.974000015855,0.811499986053
44150,0.0996637074277,0.708950161934,0.971000006795,0.805499982834
44200,0.105521427654,0.813103440404,0.971000006795,0.790499973297
44250,0.0956634923816,0.835926696658,0.974000006914,0.791499996185
44300,0.0871199008077,0.769495168328,0.974500003457,0.801999995112
44350,0.0997853292152,0.754006320238,0.974000009894,0.804499980807
44400,0.0946929404512,0.773447832465,0.972500005364,0.800999996066
44450,0.09182310123,0.713754495978,0.97650000453,0.811499974132
44500,0.10128805954,0.759697394073,0.974500009418,0.792999976873
44550,0.101019208692,0.70046736598,0.971000021696,0.816499978304
44600,0.0947635363787,0.725800184906,0.977000007033,0.817500001192
44650,0.0894447691739,0.741744019091,0.977000007033,0.79849998951
44700,0.0967136509717,0.783750340343,0.976000007987,0.794499990344
44750,0.102831105329,0.774404999614,0.976000005007,0.791999980807
44800,0.0969388877973,0.779371461272,0.972500008345,0.798499980569
44850,0.0979677816853,0.829636505246,0.974500009418,0.791999998689
44900,0.0950272951275,0.790999281406,0.97650000155,0.793999996781
44950,0.08528733477,0.758408842981,0.981000006199,0.79699998796
45000,0.0931012962013,0.733207222819,0.975500014424,0.803999984264
45050,0.0906363580376,0.75263556987,0.974500012398,0.805499988794
45100,0.102202808484,0.806653046608,0.972500014305,0.791999989748
45150,0.075284360908,0.74855414331,0.981500008702,0.792499986291
45200,0.103375422582,0.726223942637,0.972000008821,0.803999990225
45250,0.0933195700869,0.704600152373,0.97800000608,0.809499967098
45300,0.0892989017069,0.785021257401,0.971500009298,0.796999967098
45350,0.0957913842052,0.751829306781,0.975500005484,0.795499995351
45400,0.102677736804,0.802617239952,0.973000004888,0.79549998343
45450,0.0990489924327,0.752873085439,0.971000003815,0.805999985337
45500,0.102397029847,0.683181262016,0.972000005841,0.809499981999
45550,0.104069266841,0.816729287803,0.972999998927,0.791999980807
45600,0.0946158127859,0.732484534383,0.976000002027,0.812499991059
45650,0.0896632922813,0.761737206578,0.980000013113,0.812499985099
45700,0.105372084118,0.833711352944,0.973000004888,0.788499972224
45750,0.089502607286,0.67864293009,0.978000003099,0.809999975562
45800,0.098306501098,0.75212880075,0.972499996424,0.797499972582
45850,0.0851894618943,0.718740643561,0.97800000906,0.816999986768
45900,0.0843591485173,0.762813816965,0.980500003695,0.807499974966
45950,0.0922715395689,0.734290793538,0.97650000453,0.811999973655
46000,0.0836102610454,0.795793895423,0.978000003099,0.796499982476
46050,0.0951088622212,0.762860399485,0.973000007868,0.801499971747
46100,0.0821057455614,0.804765474796,0.982500004768,0.792999976873
46150,0.0921115996316,0.816575659811,0.975500008464,0.786999985576
46200,0.0930077729747,0.740960657597,0.975000017881,0.812999993563
46250,0.0849558411166,0.813051918149,0.977499991655,0.791999974847
46300,0.0794700583443,0.698413386941,0.975999999046,0.811999979615
46350,0.0856474846601,0.696162077785,0.97800000608,0.810999968648
46400,0.0855434227735,0.73837634325,0.982000005245,0.813999983668
46450,0.0976915705949,0.80802192688,0.973500013351,0.783999988437
46500,0.0897644661367,0.764553806186,0.975999996066,0.791499975324
46550,0.0953817246482,0.791097524762,0.978500002623,0.800499975681
46600,0.0946037432179,0.754951530695,0.970000004768,0.799499985576
46650,0.0816282182932,0.728790435195,0.978500008583,0.814499974251
46700,0.0917348867282,0.734783893824,0.975500005484,0.801499965787
46750,0.101246279292,0.698928362131,0.969000011683,0.807499974966
46800,0.089586702548,0.776991248131,0.979999995232,0.789999985695
46850,0.0910539850593,0.815531347692,0.972000011802,0.786499977112
46900,0.0845485152677,0.693078514934,0.980500000715,0.805499991775
46950,0.0986917298287,0.761740481853,0.972499996424,0.792999982834
47000,0.0926963077858,0.783449664712,0.975500014424,0.79549998045
47050,0.104878700897,0.780663381517,0.971499997377,0.797999972105
47100,0.0800404572859,0.765750083327,0.982500010729,0.798499983549
47150,0.0836510030553,0.779679557681,0.979500001669,0.789499974251
47200,0.0797409985214,0.806205108762,0.979499992728,0.798999983072
47250,0.0905140707269,0.694894556701,0.977000007033,0.811499989033
47300,0.103742658719,0.68773136586,0.973500010371,0.817999991775
47350,0.104641996324,0.715855890512,0.970000016689,0.804499986768
47400,0.0971808839589,0.683447225392,0.976000005007,0.801999983191
47450,0.102166778967,0.736172647774,0.972999998927,0.802499976754
47500,0.10512474291,0.736954134703,0.965000024438,0.802999997139
47550,0.0904621507972,0.773114994168,0.97499999702,0.798999983072
47600,0.0874921001494,0.709957799315,0.976500016451,0.821499991417
47650,0.0900557655841,0.841982930899,0.974000000954,0.795999968052
47700,0.0852884648368,0.717628198862,0.981000009179,0.816499963403
47750,0.101427298039,0.802212631702,0.969000014663,0.791999977827
47800,0.102742266282,0.764606231451,0.973000016809,0.802999976277
47850,0.0962465399876,0.768689861894,0.972000011802,0.799999988079
47900,0.100222386047,0.73501739502,0.976000007987,0.812999981642
47950,0.0829826541245,0.811796087027,0.978500008583,0.784499976039
48000,0.0918330172077,0.729186406732,0.972500005364,0.811999979615
48050,0.0936621876433,0.689090198278,0.972999995947,0.819999963045
48100,0.093416037783,0.701089736819,0.974000003934,0.801499980688
48150,0.098428702727,0.751278778911,0.972999995947,0.807499992847
48200,0.0978966295719,0.758137072623,0.975000008941,0.801999971271
48250,0.108746717684,0.775397950411,0.966500014067,0.802999976277
48300,0.099872943759,0.869467172027,0.972000008821,0.777499973774
48350,0.0893969684839,0.709658382833,0.976500016451,0.807499974966
48400,0.0914226712659,0.750857451558,0.975500011444,0.808499982953
48450,0.0953886622563,0.711040377617,0.969500008225,0.80499997437
48500,0.10501899831,0.765222206712,0.971500003338,0.8064999789
48550,0.0866247443482,0.724911272526,0.973000013828,0.804499986768
48600,0.0953747173771,0.682412062585,0.976000007987,0.817999979854
48650,0.0908255809918,0.700922264159,0.974000000954,0.803499981761
48700,0.0945975940675,0.697768373787,0.969000005722,0.808499971032
48750,0.105010215938,0.749775898457,0.971500015259,0.812499988079
48800,0.0891098428518,0.790503153205,0.974500009418,0.796499985456
48850,0.0923628842458,0.764522978663,0.976000002027,0.791499984264
48900,0.101566533558,0.763831728697,0.970500016212,0.799499955773
48950,0.0844642039388,0.747670036554,0.976000005007,0.803499981761
49000,0.0962977252901,0.76872831136,0.974000012875,0.803999975324
49050,0.107796863653,0.790791031718,0.970500013232,0.788999989629
49100,0.113512173481,0.759467825294,0.966500017047,0.793499970436
49150,0.0984295324422,0.715107409656,0.972500008345,0.807499983907
49200,0.101669624262,0.757822544873,0.977000012994,0.801999977231
49250,0.082587355189,0.804306408763,0.982000008225,0.781499987841
49300,0.0966686310247,0.714412346482,0.969999995828,0.814999967813
49350,0.0873650984839,0.684507039189,0.97349999845,0.82699995935
